Çalışan Sicil No;Gösterge Adı ;Periyod;Planlanan;Gerçekleşen;Sonuç
100121;TSMv3 - Toplam Kota Realizasyonu (Net TL) (Grup TR kota realizasyonuna oranı);1;1713037,527;1772784,09;114,5385175
102354;TSMv3 - Toplam Kota Realizasyonu (Net TL) (Grup TR kota realizasyonuna oranı);1;1206319,233;1162038,69;96,3292848
100122;TSMv3 - Toplam Kota Realizasyonu (Net TL) (Grup TR kota realizasyonuna oranı);1;1688592,176;1714627,93;101,5418616
101937;TSMv3 - Toplam Kota Realizasyonu (Net TL) (Grup TR kota realizasyonuna oranı);1;950334,7027;818658;86,0474691
100650;TSMv3 - Toplam Kota Realizasyonu (Net TL) (Grup TR kota realizasyonuna oranı);1;1702367,277;1771616,23;99,29553473
102355;TSMv3 - Toplam Kota Realizasyonu (Net TL) (Grup TR kota realizasyonuna oranı);1;1492437,873;1806184,62;120,8865707
100523;TSMv3 - Toplam Kota Realizasyonu (Net TL) (Grup TR kota realizasyonuna oranı);1;1200759,437;1348531,83;99,42765544
100594;TSMv3 - Toplam Kota Realizasyonu (Net TL) (Grup TR kota realizasyonuna oranı);1;1134789,216;1798374,79;140,3030174
101811;TSMv3 - Toplam Kota Realizasyonu (Net TL) (Grup TR kota realizasyonuna oranı);1;1579712,982;1746595,88;110,4400065
101686;TSMv3 - Toplam Kota Realizasyonu (Net TL) (Grup TR kota realizasyonuna oranı);1;1329478,07;1535486,57;118,0973482
100445;TSMv3 - Toplam Kota Realizasyonu (Net TL) (Grup TR kota realizasyonuna oranı);1;2978321,444;2515700,72;86,91580704
102356;TSMv3 - Toplam Kota Realizasyonu (Net TL) (Grup TR kota realizasyonuna oranı);1;2921147,264;2457710,77;86,57423894
101696;TSMv3 - Toplam Kota Realizasyonu (Net TL) (Grup TR kota realizasyonuna oranı);1;1883228,612;2080406,48;122,2665741
102138;TSMv3 - Toplam Kota Realizasyonu (Net TL) (Grup TR kota realizasyonuna oranı);1;1211310,564;1023649,72;84,50761931
102128;TSMv3 - Toplam Kota Realizasyonu (Net TL) (Grup TR kota realizasyonuna oranı);1;1823384,948;1866041,71;113,2675667
100589;TSMv3 - Toplam Kota Realizasyonu (Net TL) (Grup TR kota realizasyonuna oranı);1;1532629,867;1695610,16;97,94690808
100528;TSMv3 - Toplam Kota Realizasyonu (Net TL) (Grup TR kota realizasyonuna oranı);1;1986148,852;2492809,68;119,7541742
102357;TSMv3 - Toplam Kota Realizasyonu (Net TL) (Grup TR kota realizasyonuna oranı);1;1548726,443;1510147,08;93,03746422
102538;TSMv3 - Toplam Kota Realizasyonu (Net TL) (Grup TR kota realizasyonuna oranı);1;405820,2072;327976,975;83,16125777
100342;TSMv3 - Toplam Kota Realizasyonu (Net TL) (Grup TR kota realizasyonuna oranı);1;1366777,495;1099415,55;80,43851719
100540;TSMv3 - Toplam Kota Realizasyonu (Net TL) (Grup TR kota realizasyonuna oranı);1;1959733,98;2036163;99,13539693
100333;TSMv3 - Toplam Kota Realizasyonu (Net TL) (Grup TR kota realizasyonuna oranı);1;1968144,918;2268625,24;109,9813428
100571;TSMv3 - Toplam Kota Realizasyonu (Net TL) (Grup TR kota realizasyonuna oranı);1;3070035,668;2901202,83;97,24024238
100584;TSMv3 - Toplam Kota Realizasyonu (Net TL) (Grup TR kota realizasyonuna oranı);1;1596458,279;1706528,31;101,9927391
101549;TSMv3 - Toplam Kota Realizasyonu (Net TL) (Grup TR kota realizasyonuna oranı);1;1005081,133;826606,325;168,049983
100509;TSMv3 - Toplam Kota Realizasyonu (Net TL) (Grup TR kota realizasyonuna oranı);1;2352207,706;2502459,83;101,5090534
102358;TSMv3 - Toplam Kota Realizasyonu (Net TL) (Grup TR kota realizasyonuna oranı);1;1318602,954;1535969,28;103,1265505
100294;TSMv3 - Toplam Kota Realizasyonu (Net TL) (Grup TR kota realizasyonuna oranı);1;1567171,266;1575789,37;100,4370355
102145;TSMv3 - Toplam Kota Realizasyonu (Net TL) (Grup TR kota realizasyonuna oranı);1;1486989,199;1550029,22;92,28562907
100401;TSMv3 - Toplam Kota Realizasyonu (Net TL) (Grup TR kota realizasyonuna oranı);1;1133494,025;1025535,99;92,51389634
102528;TSMv3 - Toplam Kota Realizasyonu (Net TL) (Grup TR kota realizasyonuna oranı);1;147801,6653;117077,955;80,99740444
102284;TSMv3 - Toplam Kota Realizasyonu (Net TL) (Grup TR kota realizasyonuna oranı);1;1386852,72;1151811,3;83,05217154
100312;TSMv3 - Toplam Kota Realizasyonu (Net TL) (Grup TR kota realizasyonuna oranı);1;1275448,581;1436401,83;99,70455521
101568;TSMv3 - Toplam Kota Realizasyonu (Net TL) (Grup TR kota realizasyonuna oranı);1;2429191,271;3979557,9;156,3098863
102546;TSMv3 - Toplam Kota Realizasyonu (Net TL) (Grup TR kota realizasyonuna oranı);1;416870,7328;347735,685;85,83397325
100324;TSMv3 - Toplam Kota Realizasyonu (Net TL) (Grup TR kota realizasyonuna oranı);1;1219946,843;1128366,44;92,49308248
101009;TSMv3 - Toplam Kota Realizasyonu (Net TL) (Grup TR kota realizasyonuna oranı);1;1843548,471;1771868,14;98,27705638
101543;TSMv3 - Toplam Kota Realizasyonu (Net TL) (Grup TR kota realizasyonuna oranı);1;2162909,261;2073207,73;98,63155513
100671;TSMv3 - Toplam Kota Realizasyonu (Net TL) (Grup TR kota realizasyonuna oranı);1;1524606,176;1453900,82;95,36238558
100380;TSMv3 - Toplam Kota Realizasyonu (Net TL) (Grup TR kota realizasyonuna oranı);1;1265786,877;1581057,98;110,5832153
101274;TSMv3 - Toplam Kota Realizasyonu (Net TL) (Grup TR kota realizasyonuna oranı);1;1298755,316;1392246,22;94,90535429
102255;TSMv3 - Toplam Kota Realizasyonu (Net TL) (Grup TR kota realizasyonuna oranı);1;1445380,069;1449783,1;100,1920241
101459;TSMv3 - Toplam Kota Realizasyonu (Net TL) (Grup TR kota realizasyonuna oranı);1;2543182,7;2733096,705;110,5831099
102244;TSMv3 - Toplam Kota Realizasyonu (Net TL) (Grup TR kota realizasyonuna oranı);1;889334,6526;880968,34;98,94805588
101938;TSMv3 - Toplam Kota Realizasyonu (Net TL) (Grup TR kota realizasyonuna oranı);1;1083495,581;761833,77;70,23365255
102533;TSMv3 - Toplam Kota Realizasyonu (Net TL) (Grup TR kota realizasyonuna oranı);1;264532,406;211205,64;82,15575494
100443;TSMv3 - Toplam Kota Realizasyonu (Net TL) (Grup TR kota realizasyonuna oranı);1;1316191,177;1761073,92;118,456969
100329;TSMv3 - Toplam Kota Realizasyonu (Net TL) (Grup TR kota realizasyonuna oranı);1;1605253,181;1906023,68;118,7366393
101460;TSMv3 - Toplam Kota Realizasyonu (Net TL) (Grup TR kota realizasyonuna oranı);1;1019988,288;1011184,63;99,13688637
100340;TSMv3 - Toplam Kota Realizasyonu (Net TL) (Grup TR kota realizasyonuna oranı);1;2202036,876;2200800,135;102,8412574
102359;TSMv3 - Toplam Kota Realizasyonu (Net TL) (Grup TR kota realizasyonuna oranı);1;1549275,869;1790362,2;115,5612268
101673;TSMv3 - Toplam Kota Realizasyonu (Net TL) (Grup TR kota realizasyonuna oranı);1;1433152,939;1571748,47;97,0940268
101800;TSMv3 - Toplam Kota Realizasyonu (Net TL) (Grup TR kota realizasyonuna oranı);1;1272353,261;1386561,12;96,47911621
100932;TSMv3 - Toplam Kota Realizasyonu (Net TL) (Grup TR kota realizasyonuna oranı);1;1221728,942;1547144,69;112,1135423
100711;TSMv3 - Toplam Kota Realizasyonu (Net TL) (Grup TR kota realizasyonuna oranı);1;1287749,755;1195581,95;92,84272391
102526;TSMv3 - Toplam Kota Realizasyonu (Net TL) (Grup TR kota realizasyonuna oranı);1;288583,5009;253477,14;90,38131631
102360;TSMv3 - Toplam Kota Realizasyonu (Net TL) (Grup TR kota realizasyonuna oranı);1;1351615,643;1564781,07;110,4622043
100242;TSMv3 - Toplam Kota Realizasyonu (Net TL) (Grup TR kota realizasyonuna oranı);1;1498507,36;1843076,49;117,3539765
100332;TSMv3 - Toplam Kota Realizasyonu (Net TL) (Grup TR kota realizasyonuna oranı);1;1380936,998;1358621,67;98,38404443
100684;TSMv3 - Toplam Kota Realizasyonu (Net TL) (Grup TR kota realizasyonuna oranı);1;1411079,832;1449575,065;105,0423494
100567;TSMv3 - Toplam Kota Realizasyonu (Net TL) (Grup TR kota realizasyonuna oranı);1;2661899,112;3023418,61;116,8740388
101821;TSMv3 - Toplam Kota Realizasyonu (Net TL) (Grup TR kota realizasyonuna oranı);1;1302167,981;1179486,44;90,47698484
101678;TSMv3 - Toplam Kota Realizasyonu (Net TL) (Grup TR kota realizasyonuna oranı);1;2916311,202;3064434,155;108,1254156
102364;TSMv3 - Toplam Kota Realizasyonu (Net TL) (Grup TR kota realizasyonuna oranı);1;878733,8093;920578,01;104,6442669
101823;TSMv3 - Toplam Kota Realizasyonu (Net TL) (Grup TR kota realizasyonuna oranı);1;1331056,202;1208433,75;90,68566287
102362;TSMv3 - Toplam Kota Realizasyonu (Net TL) (Grup TR kota realizasyonuna oranı);1;1153355,842;1541879,31;124,844426
102365;TSMv3 - Toplam Kota Realizasyonu (Net TL) (Grup TR kota realizasyonuna oranı);1;1451811,037;1622987,94;104,396826
101939;TSMv3 - Toplam Kota Realizasyonu (Net TL) (Grup TR kota realizasyonuna oranı);1;1469474,994;1260916,5;85,71094968
101803;TSMv3 - Toplam Kota Realizasyonu (Net TL) (Grup TR kota realizasyonuna oranı);1;1694153,045;1810912,715;109,3000042
102260;TSMv3 - Toplam Kota Realizasyonu (Net TL) (Grup TR kota realizasyonuna oranı);1;1621143,907;1802826,75;106,1074204
101810;TSMv3 - Toplam Kota Realizasyonu (Net TL) (Grup TR kota realizasyonuna oranı);1;1774238,959;1984732,46;106,7341
100464;TSMv3 - Toplam Kota Realizasyonu (Net TL) (Grup TR kota realizasyonuna oranı);1;1315504,202;1134440,12;88,17889227
102366;TSMv3 - Toplam Kota Realizasyonu (Net TL) (Grup TR kota realizasyonuna oranı);1;1717598,673;1668584,55;92,69148783
102367;TSMv3 - Toplam Kota Realizasyonu (Net TL) (Grup TR kota realizasyonuna oranı);1;1305317,171;1151712,59;84,18629457
101909;TSMv3 - Toplam Kota Realizasyonu (Net TL) (Grup TR kota realizasyonuna oranı);1;1744597,42;1780600,82;97,38334194
102258;TSMv3 - Toplam Kota Realizasyonu (Net TL) (Grup TR kota realizasyonuna oranı);1;1183882,683;1087468,2;91,75295868
102261;TSMv3 - Toplam Kota Realizasyonu (Net TL) (Grup TR kota realizasyonuna oranı);1;1558975,827;1914883,22;117,1969322
100250;TSMv3 - Toplam Kota Realizasyonu (Net TL) (Grup TR kota realizasyonuna oranı);1;1026195,796;946121,56;92,19698262
102369;TSMv3 - Toplam Kota Realizasyonu (Net TL) (Grup TR kota realizasyonuna oranı);1;1302664,29;1317215,57;101,1170399
100385;TSMv3 - Toplam Kota Realizasyonu (Net TL) (Grup TR kota realizasyonuna oranı);1;1030324,655;877439,36;87,63031665
102254;TSMv3 - Toplam Kota Realizasyonu (Net TL) (Grup TR kota realizasyonuna oranı);1;1672349,256;1748920,03;115,7458849
100470;TSMv3 - Toplam Kota Realizasyonu (Net TL) (Grup TR kota realizasyonuna oranı);1;1393496,676;1662193,85;119,1483173
102370;TSMv3 - Toplam Kota Realizasyonu (Net TL) (Grup TR kota realizasyonuna oranı);1;1046586,771;916743,28;87,49528975
101329;TSMv3 - Toplam Kota Realizasyonu (Net TL) (Grup TR kota realizasyonuna oranı);1;1009204,852;955742,05;90,3596824
101852;TSMv3 - Toplam Kota Realizasyonu (Net TL) (Grup TR kota realizasyonuna oranı);1;1771319,581;2010818,21;100,5027376
102259;TSMv3 - Toplam Kota Realizasyonu (Net TL) (Grup TR kota realizasyonuna oranı);1;898499,8219;850995,515;96,84664434
102372;TSMv3 - Toplam Kota Realizasyonu (Net TL) (Grup TR kota realizasyonuna oranı);1;1394869,171;1483182,01;94,13756899
102135;TSMv3 - Toplam Kota Realizasyonu (Net TL) (Grup TR kota realizasyonuna oranı);1;1261705,279;1224975,49;97,08887731
101940;TSMv3 - Toplam Kota Realizasyonu (Net TL) (Grup TR kota realizasyonuna oranı);1;1612807,569;1878816,47;116,3627523
101487;TSMv3 - Toplam Kota Realizasyonu (Net TL) (Grup TR kota realizasyonuna oranı);1;1880933,638;1377884,43;81,07779118
100328;TSMv3 - Toplam Kota Realizasyonu (Net TL) (Grup TR kota realizasyonuna oranı);1;1646995,188;1788822,43;103,6306525
102000;TSMv3 - Toplam Kota Realizasyonu (Net TL) (Grup TR kota realizasyonuna oranı);1;1735205,286;1845484,41;106,3553935
100504;TSMv3 - Toplam Kota Realizasyonu (Net TL) (Grup TR kota realizasyonuna oranı);1;1543808,867;1595877,505;105,7015421
100716;TSMv3 - Toplam Kota Realizasyonu (Net TL) (Grup TR kota realizasyonuna oranı);1;1301165,779;1242343,37;95,3720666
100662;TSMv3 - Toplam Kota Realizasyonu (Net TL) (Grup TR kota realizasyonuna oranı);1;1119412,105;989027,75;88,35242585
100797;TSMv3 - Toplam Kota Realizasyonu (Net TL) (Grup TR kota realizasyonuna oranı);1;1602913,948;1520585,87;104,9937221
100292;TSMv3 - Toplam Kota Realizasyonu (Net TL) (Grup TR kota realizasyonuna oranı);1;1347596,078;1586243,64;117,65
100658;TSMv3 - Toplam Kota Realizasyonu (Net TL) (Grup TR kota realizasyonuna oranı);1;1977390,902;2981877,1;143,8833495
101801;TSMv3 - Toplam Kota Realizasyonu (Net TL) (Grup TR kota realizasyonuna oranı);1;1113107,837;1182849,02;94,0793005
100580;TSMv3 - Toplam Kota Realizasyonu (Net TL) (Grup TR kota realizasyonuna oranı);1;1080720,865;1039345,89;98,33811249
100668;TSMv3 - Toplam Kota Realizasyonu (Net TL) (Grup TR kota realizasyonuna oranı);1;2045340,339;2633516,41;122,8524371
100286;TSMv3 - Toplam Kota Realizasyonu (Net TL) (Grup TR kota realizasyonuna oranı);1;3439812,661;3535123,41;105,7501885
102289;TSMv3 - Toplam Kota Realizasyonu (Net TL) (Grup TR kota realizasyonuna oranı);1;1893294,06;1852327,03;93,34969923
101912;TSMv3 - Toplam Kota Realizasyonu (Net TL) (Grup TR kota realizasyonuna oranı);1;1314884,373;1262139,86;95,98865772
102536;TSMv3 - Toplam Kota Realizasyonu (Net TL) (Grup TR kota realizasyonuna oranı);1;272096,8046;255966,91;104,1173182
101558;TSMv3 - Toplam Kota Realizasyonu (Net TL) (Grup TR kota realizasyonuna oranı);1;1075899,766;1251687,47;116,3386692
100856;TSMv3 - Toplam Kota Realizasyonu (Net TL) (Grup TR kota realizasyonuna oranı);1;1020095,839;1212237,055;121,5127587
100358;TSMv3 - Toplam Kota Realizasyonu (Net TL) (Grup TR kota realizasyonuna oranı);1;1360171,823;1387498,37;102,0090511
100649;TSMv3 - Toplam Kota Realizasyonu (Net TL) (Grup TR kota realizasyonuna oranı);1;1231298,557;1272117,095;105,6425851
102373;TSMv3 - Toplam Kota Realizasyonu (Net TL) (Grup TR kota realizasyonuna oranı);1;927781,3617;1145356,93;123,3125798
100603;TSMv3 - Toplam Kota Realizasyonu (Net TL) (Grup TR kota realizasyonuna oranı);1;1300211,346;1482133,5;116,5597678
100214;TSMv3 - Toplam Kota Realizasyonu (Net TL) (Grup TR kota realizasyonuna oranı);1;2064062,165;2009885,51;100,1981972
101562;TSMv3 - Toplam Kota Realizasyonu (Net TL) (Grup TR kota realizasyonuna oranı);1;1425906,97;1488338,56;99,5918668
102374;TSMv3 - Toplam Kota Realizasyonu (Net TL) (Grup TR kota realizasyonuna oranı);1;1385389,546;1649312,32;105,3981535
100657;TSMv3 - Toplam Kota Realizasyonu (Net TL) (Grup TR kota realizasyonuna oranı);1;1297398,97;1332841,64;102,6164965
100103;TSMv3 - Toplam Kota Realizasyonu (Net TL) (Grup TR kota realizasyonuna oranı);1;1091036,773;1079427,18;98,93591186
100783;TSMv3 - Toplam Kota Realizasyonu (Net TL) (Grup TR kota realizasyonuna oranı);1;937906,5434;897122,575;97,80645564
101976;TSMv3 - Toplam Kota Realizasyonu (Net TL) (Grup TR kota realizasyonuna oranı);1;3383891,936;4092083,375;124,4340825
100398;TSMv3 - Toplam Kota Realizasyonu (Net TL) (Grup TR kota realizasyonuna oranı);1;1460546,762;1697202,34;116,0727663
102375;TSMv3 - Toplam Kota Realizasyonu (Net TL) (Grup TR kota realizasyonuna oranı);1;882952,8482;1114503,34;117,8761542
102376;TSMv3 - Toplam Kota Realizasyonu (Net TL) (Grup TR kota realizasyonuna oranı);1;1214387,629;1109519,44;91,36452095
101806;TSMv3 - Toplam Kota Realizasyonu (Net TL) (Grup TR kota realizasyonuna oranı);1;1384989,448;1446903,85;104,470388
101914;TSMv3 - Toplam Kota Realizasyonu (Net TL) (Grup TR kota realizasyonuna oranı);1;1516742,372;1291216,27;81,22701647
101555;TSMv3 - Toplam Kota Realizasyonu (Net TL) (Grup TR kota realizasyonuna oranı);1;1312407,019;1089679,31;82,93585756
102271;TSMv3 - Toplam Kota Realizasyonu (Net TL) (Grup TR kota realizasyonuna oranı);1;1578987,607;1404661,44;91,5386073
101262;TSMv3 - Toplam Kota Realizasyonu (Net TL) (Grup TR kota realizasyonuna oranı);1;1383656,044;1331442,72;96,11839765
100177;TSMv3 - Toplam Kota Realizasyonu (Net TL) (Grup TR kota realizasyonuna oranı);1;2263760,139;2266093,47;103,0051105
100330;TSMv3 - Toplam Kota Realizasyonu (Net TL) (Grup TR kota realizasyonuna oranı);1;3148805,605;3429385,9;112,068064
100521;TSMv3 - Toplam Kota Realizasyonu (Net TL) (Grup TR kota realizasyonuna oranı);1;1365838,442;2017624,69;130,7805193
100461;TSMv3 - Toplam Kota Realizasyonu (Net TL) (Grup TR kota realizasyonuna oranı);1;2119785,022;2705911,19;121,796568
100527;TSMv3 - Toplam Kota Realizasyonu (Net TL) (Grup TR kota realizasyonuna oranı);1;1599083,382;1642022,59;113,6503053
102123;TSMv3 - Toplam Kota Realizasyonu (Net TL) (Grup TR kota realizasyonuna oranı);1;1446190,227;1633657,96;112,9628682
100934;TSMv3 - Toplam Kota Realizasyonu (Net TL) (Grup TR kota realizasyonuna oranı);1;937405,8025;1366983,11;129,1033515
101561;TSMv3 - Toplam Kota Realizasyonu (Net TL) (Grup TR kota realizasyonuna oranı);1;779793,5968;967644,28;109,8596155
100582;TSMv3 - Toplam Kota Realizasyonu (Net TL) (Grup TR kota realizasyonuna oranı);1;1263978,961;1265059,61;102,3402436
100799;TSMv3 - Toplam Kota Realizasyonu (Net TL) (Grup TR kota realizasyonuna oranı);1;1569579,78;1344852,81;94,83179009
101915;TSMv3 - Toplam Kota Realizasyonu (Net TL) (Grup TR kota realizasyonuna oranı);1;1308852,103;1319564,62;100,8184666
102133;TSMv3 - Toplam Kota Realizasyonu (Net TL) (Grup TR kota realizasyonuna oranı);1;1752949,244;1468162,245;86,18190143
102290;TSMv3 - Toplam Kota Realizasyonu (Net TL) (Grup TR kota realizasyonuna oranı);1;1665433,893;2048149,27;122,9799201
101547;TSMv3 - Toplam Kota Realizasyonu (Net TL) (Grup TR kota realizasyonuna oranı);1;1864824,606;1771071,89;90,61738606
100601;TSMv3 - Toplam Kota Realizasyonu (Net TL) (Grup TR kota realizasyonuna oranı);1;3000714,263;2933400,335;100,5907523
100460;TSMv3 - Toplam Kota Realizasyonu (Net TL) (Grup TR kota realizasyonuna oranı);1;1476801,897;1754784,32;113,3743564
101832;TSMv3 - Toplam Kota Realizasyonu (Net TL) (Grup TR kota realizasyonuna oranı);1;1865217,624;2153063,66;115,3027167
100467;TSMv3 - Toplam Kota Realizasyonu (Net TL) (Grup TR kota realizasyonuna oranı);1;1308766,299;1483051,11;113,3167252
100102;TSMv3 - Toplam Kota Realizasyonu (Net TL) (Grup TR kota realizasyonuna oranı);1;1889992,005;1782962,45;94,54
101546;TSMv3 - Toplam Kota Realizasyonu (Net TL) (Grup TR kota realizasyonuna oranı);1;1129113,117;925203,06;81,84870022
101463;TSMv3 - Toplam Kota Realizasyonu (Net TL) (Grup TR kota realizasyonuna oranı);1;949391,2601;1008407,68;106,216238
101916;TSMv3 - Toplam Kota Realizasyonu (Net TL) (Grup TR kota realizasyonuna oranı);1;1275264,05;1539009,39;106,8422827
102377;TSMv3 - Toplam Kota Realizasyonu (Net TL) (Grup TR kota realizasyonuna oranı);1;476731,5137;688141,22;134,7987322
101276;TSMv3 - Toplam Kota Realizasyonu (Net TL) (Grup TR kota realizasyonuna oranı);1;1627286,835;1533476,24;89,91378324
100770;TSMv3 - Toplam Kota Realizasyonu (Net TL) (Grup TR kota realizasyonuna oranı);1;968670,7347;1014528,35;104,6165003
100801;TSMv3 - Toplam Kota Realizasyonu (Net TL) (Grup TR kota realizasyonuna oranı);1;1490889,124;1395384,36;93,48903644
100541;TSMv3 - Toplam Kota Realizasyonu (Net TL) (Grup TR kota realizasyonuna oranı);1;1511967,087;1905465,77;111,573439
100265;TSMv3 - Toplam Kota Realizasyonu (Net TL) (Grup TR kota realizasyonuna oranı);1;1461807,936;1477781,45;111,8877356
100462;TSMv3 - Toplam Kota Realizasyonu (Net TL) (Grup TR kota realizasyonuna oranı);1;1286747,896;1266927,23;98,45963098
101258;TSMv3 - Toplam Kota Realizasyonu (Net TL) (Grup TR kota realizasyonuna oranı);1;954443,8847;976715,24;104,6388278
100272;TSMv3 - Toplam Kota Realizasyonu (Net TL) (Grup TR kota realizasyonuna oranı);1;1062260,061;1125103,86;105,9160465
100325;TSMv3 - Toplam Kota Realizasyonu (Net TL) (Grup TR kota realizasyonuna oranı);1;3022062,124;2540862,995;86,51456371
102378;TSMv3 - Toplam Kota Realizasyonu (Net TL) (Grup TR kota realizasyonuna oranı);1;1286674,916;1396978,34;96,12201
101842;TSMv3 - Toplam Kota Realizasyonu (Net TL) (Grup TR kota realizasyonuna oranı);1;1545369,994;1621518,26;104,8097168
100496;TSMv3 - Toplam Kota Realizasyonu (Net TL) (Grup TR kota realizasyonuna oranı);1;1139880,771;1163992,91;102,1153212
100515;TSMv3 - Toplam Kota Realizasyonu (Net TL) (Grup TR kota realizasyonuna oranı);1;2208423,538;2766428,22;119,5226931
100360;TSMv3 - Toplam Kota Realizasyonu (Net TL) (Grup TR kota realizasyonuna oranı);1;1593581,145;1652983,56;103,7276053
102276;TSMv3 - Toplam Kota Realizasyonu (Net TL) (Grup TR kota realizasyonuna oranı);1;982443,7123;788061,28;80,12434486
101917;TSMv3 - Toplam Kota Realizasyonu (Net TL) (Grup TR kota realizasyonuna oranı);1;1309131,99;1073364,95;81,99058295
100775;TSMv3 - Toplam Kota Realizasyonu (Net TL) (Grup TR kota realizasyonuna oranı);1;1305611,009;1440927,03;97,70801499
100561;TSMv3 - Toplam Kota Realizasyonu (Net TL) (Grup TR kota realizasyonuna oranı);1;2786339,649;2622562,505;96,85078704
102274;TSMv3 - Toplam Kota Realizasyonu (Net TL) (Grup TR kota realizasyonuna oranı);1;1563773,12;1629031,5;104,1731361
102379;TSMv3 - Toplam Kota Realizasyonu (Net TL) (Grup TR kota realizasyonuna oranı);1;1281427,423;1434291,44;111,8035445
102380;TSMv3 - Toplam Kota Realizasyonu (Net TL) (Grup TR kota realizasyonuna oranı);1;1243390,288;1629818,41;116,0469562
100727;TSMv3 - Toplam Kota Realizasyonu (Net TL) (Grup TR kota realizasyonuna oranı);1;1478310,25;2018381,91;136,533039
100530;TSMv3 - Toplam Kota Realizasyonu (Net TL) (Grup TR kota realizasyonuna oranı);1;1010809,362;1028279,95;101,614174
100627;TSMv3 - Toplam Kota Realizasyonu (Net TL) (Grup TR kota realizasyonuna oranı);1;899188,3952;1105163,05;108,8122194
102381;TSMv3 - Toplam Kota Realizasyonu (Net TL) (Grup TR kota realizasyonuna oranı);1;1239367,786;1214308,11;93,48501957
100617;TSMv3 - Toplam Kota Realizasyonu (Net TL) (Grup TR kota realizasyonuna oranı);1;1118044,988;1259700,43;99,7493339
101560;TSMv3 - Toplam Kota Realizasyonu (Net TL) (Grup TR kota realizasyonuna oranı);1;1143182,659;1086177,17;94,90677618
100512;TSMv3 - Toplam Kota Realizasyonu (Net TL) (Grup TR kota realizasyonuna oranı);1;1236856,316;1531939,12;109,653945
101671;TSMv3 - Toplam Kota Realizasyonu (Net TL) (Grup TR kota realizasyonuna oranı);1;1209063,419;1470345,13;107,6644216
100529;TSMv3 - Toplam Kota Realizasyonu (Net TL) (Grup TR kota realizasyonuna oranı);1;1735867,562;1925354,84;105,8296902
100596;TSMv3 - Toplam Kota Realizasyonu (Net TL) (Grup TR kota realizasyonuna oranı);1;1451400,436;1558394,43;107,2512388
100392;TSMv3 - Toplam Kota Realizasyonu (Net TL) (Grup TR kota realizasyonuna oranı);1;1961931,931;2048893,59;99,64346003
100379;TSMv3 - Toplam Kota Realizasyonu (Net TL) (Grup TR kota realizasyonuna oranı);1;1409705,036;1534923,68;103,8895503
100664;TSMv3 - Toplam Kota Realizasyonu (Net TL) (Grup TR kota realizasyonuna oranı);1;1676314,696;1895746,91;100,1213761
100514;TSMv3 - Toplam Kota Realizasyonu (Net TL) (Grup TR kota realizasyonuna oranı);1;1731982,094;2130220,42;136,1268312
102527;TSMv3 - Toplam Kota Realizasyonu (Net TL) (Grup TR kota realizasyonuna oranı);1;245367,9925;193791,355;81,26954929
102277;TSMv3 - Toplam Kota Realizasyonu (Net TL) (Grup TR kota realizasyonuna oranı);1;1476415,425;1281074,8;86,67185538
100327;TSMv3 - Toplam Kota Realizasyonu (Net TL) (Grup TR kota realizasyonuna oranı);1;1510443,221;2020028,69;133,5873432
100867;TSMv3 - Toplam Kota Realizasyonu (Net TL) (Grup TR kota realizasyonuna oranı);1;1078585,839;1166831,38;95,77571258
100600;TSMv3 - Toplam Kota Realizasyonu (Net TL) (Grup TR kota realizasyonuna oranı);1;2772511,41;2723058,25;101,0636434
100579;TSMv3 - Toplam Kota Realizasyonu (Net TL) (Grup TR kota realizasyonuna oranı);1;1652691,646;1598548,73;92,28845578
101804;TSMv3 - Toplam Kota Realizasyonu (Net TL) (Grup TR kota realizasyonuna oranı);1;1057497,957;1038337,17;98,18810177
100538;TSMv3 - Toplam Kota Realizasyonu (Net TL) (Grup TR kota realizasyonuna oranı);1;1862361,789;2939497,63;157,8370888
101661;TSMv3 - Toplam Kota Realizasyonu (Net TL) (Grup TR kota realizasyonuna oranı);1;1775327,265;1693418,09;91,01209325
100569;TSMv3 - Toplam Kota Realizasyonu (Net TL) (Grup TR kota realizasyonuna oranı);1;1137119,621;1283005,35;99,89053052
101919;TSMv3 - Toplam Kota Realizasyonu (Net TL) (Grup TR kota realizasyonuna oranı);1;938088,0544;1131894,28;120,6597051
102136;TSMv3 - Toplam Kota Realizasyonu (Net TL) (Grup TR kota realizasyonuna oranı);1;1294759,568;1113626,685;87,94796633
100337;TSMv3 - Toplam Kota Realizasyonu (Net TL) (Grup TR kota realizasyonuna oranı);1;1323138,458;1601064,36;107,1286182
100356;TSMv3 - Toplam Kota Realizasyonu (Net TL) (Grup TR kota realizasyonuna oranı);1;1466572,628;1697040,51;115,7147268
101952;TSMv3 - Toplam Kota Realizasyonu (Net TL) (Grup TR kota realizasyonuna oranı);1;1512438,754;1732070,55;114,3931344
101817;TSMv3 - Toplam Kota Realizasyonu (Net TL) (Grup TR kota realizasyonuna oranı);1;1686706,396;1570375,68;88,83362822
101944;TSMv3 - Toplam Kota Realizasyonu (Net TL) (Grup TR kota realizasyonuna oranı);1;1629739,249;1636753,41;100,3176405
100950;TSMv3 - Toplam Kota Realizasyonu (Net TL) (Grup TR kota realizasyonuna oranı);1;2160330,206;2238589,28;98,87070091
101692;TSMv3 - Toplam Kota Realizasyonu (Net TL) (Grup TR kota realizasyonuna oranı);1;1232549,263;1250241,49;101,4354175
100200;TSMv3 - Toplam Kota Realizasyonu (Net TL) (Grup TR kota realizasyonuna oranı);1;1316056,637;1315227,99;99,8248445
100500;TSMv3 - Toplam Kota Realizasyonu (Net TL) (Grup TR kota realizasyonuna oranı);1;973510,051;1167314,58;106,1572051
101790;TSMv3 - Toplam Kota Realizasyonu (Net TL) (Grup TR kota realizasyonuna oranı);1;967842,3161;833324,73;88,0409997
100503;TSMv3 - Toplam Kota Realizasyonu (Net TL) (Grup TR kota realizasyonuna oranı);1;1583458,128;1894828,13;119,5295871
102291;TSMv3 - Toplam Kota Realizasyonu (Net TL) (Grup TR kota realizasyonuna oranı);1;1403847,169;1347420,2;95,98054755
102537;TSMv3 - Toplam Kota Realizasyonu (Net TL) (Grup TR kota realizasyonuna oranı);1;192242,0515;145158,955;77,20950036
101020;TSMv3 - Toplam Kota Realizasyonu (Net TL) (Grup TR kota realizasyonuna oranı);1;1580315,091;1568105,68;94,67710546
101953;TSMv3 - Toplam Kota Realizasyonu (Net TL) (Grup TR kota realizasyonuna oranı);1;974685,0859;1154792,51;104,8918253
100686;TSMv3 - Toplam Kota Realizasyonu (Net TL) (Grup TR kota realizasyonuna oranı);1;1243866,197;1134444,88;87,0207987
100315;TSMv3 - Toplam Kota Realizasyonu (Net TL) (Grup TR kota realizasyonuna oranı);1;1219313,318;812108,89;73,71596181
100494;TSMv3 - Toplam Kota Realizasyonu (Net TL) (Grup TR kota realizasyonuna oranı);1;1251614,314;1667281,7;117,9343907
102382;TSMv3 - Toplam Kota Realizasyonu (Net TL) (Grup TR kota realizasyonuna oranı);1;933033,4638;1147681,32;108,8995533
102140;TSMv3 - Toplam Kota Realizasyonu (Net TL) (Grup TR kota realizasyonuna oranı);1;1837671,548;1969319,43;102,2495972
100335;TSMv3 - Toplam Kota Realizasyonu (Net TL) (Grup TR kota realizasyonuna oranı);1;1421870,089;1424579,69;95,59609703
101553;TSMv3 - Toplam Kota Realizasyonu (Net TL) (Grup TR kota realizasyonuna oranı);1;1321546,584;874713,13;73,25643137
101946;TSMv3 - Toplam Kota Realizasyonu (Net TL) (Grup TR kota realizasyonuna oranı);1;779124,2675;722573,04;92,63757998
102540;TSMv3 - Toplam Kota Realizasyonu (Net TL) (Grup TR kota realizasyonuna oranı);1;205462,1391;126187,62;67,97473657
100469;TSMv3 - Toplam Kota Realizasyonu (Net TL) (Grup TR kota realizasyonuna oranı);1;2107800,481;2132532,15;104,106405
100338;TSMv3 - Toplam Kota Realizasyonu (Net TL) (Grup TR kota realizasyonuna oranı);1;1425029,189;1631034,82;101,3308015
100463;TSMv3 - Toplam Kota Realizasyonu (Net TL) (Grup TR kota realizasyonuna oranı);1;1843917,222;1785186,07;98,99593689
101924;TSMv3 - Toplam Kota Realizasyonu (Net TL) (Grup TR kota realizasyonuna oranı);1;1469525,481;1437634,65;93,34364203
102541;TSMv3 - Toplam Kota Realizasyonu (Net TL) (Grup TR kota realizasyonuna oranı);1;178685,2112;151024,44;86,42391294
102010;TSMv3 - Toplam Kota Realizasyonu (Net TL) (Grup TR kota realizasyonuna oranı);1;1657302,675;1337118,215;83,01935122
100848;TSMv3 - Toplam Kota Realizasyonu (Net TL) (Grup TR kota realizasyonuna oranı);1;1747238,471;1535121,305;89,83918783
102385;TSMv3 - Toplam Kota Realizasyonu (Net TL) (Grup TR kota realizasyonuna oranı);1;1321280,051;1281448,46;92,53789084
102137;TSMv3 - Toplam Kota Realizasyonu (Net TL) (Grup TR kota realizasyonuna oranı);1;2138395,456;2229007,22;99,45732712
102386;TSMv3 - Toplam Kota Realizasyonu (Net TL) (Grup TR kota realizasyonuna oranı);1;1384235,585;1558547,19;112,4662271
100768;TSMv3 - Toplam Kota Realizasyonu (Net TL) (Grup TR kota realizasyonuna oranı);1;1701266,51;1774026,74;104,1597642
100296;TSMv3 - Toplam Kota Realizasyonu (Net TL) (Grup TR kota realizasyonuna oranı);1;1840211,432;2060582,56;111,8496102
101795;TSMv3 - Toplam Kota Realizasyonu (Net TL) (Grup TR kota realizasyonuna oranı);1;1353220,212;1982550,84;146,34168
100466;TSMv3 - Toplam Kota Realizasyonu (Net TL) (Grup TR kota realizasyonuna oranı);1;1833311,288;2248380,23;122,6403963
100487;TSMv3 - Toplam Kota Realizasyonu (Net TL) (Grup TR kota realizasyonuna oranı);1;1602590,56;1482150,53;194,7041453
101266;TSMv3 - Toplam Kota Realizasyonu (Net TL) (Grup TR kota realizasyonuna oranı);1;1303501,726;1426219,01;96,86717085
100574;TSMv3 - Toplam Kota Realizasyonu (Net TL) (Grup TR kota realizasyonuna oranı);1;1581091,048;1566259,52;99,06194349
102124;TSMv3 - Toplam Kota Realizasyonu (Net TL) (Grup TR kota realizasyonuna oranı);1;1020657,321;1102299,98;107,9990274
102285;TSMv3 - Toplam Kota Realizasyonu (Net TL) (Grup TR kota realizasyonuna oranı);1;1725691,225;1535578,86;98,48534783
102532;TSMv3 - Toplam Kota Realizasyonu (Net TL) (Grup TR kota realizasyonuna oranı);1;96753,76075;61484,555;64,97906844
100864;TSMv3 - Toplam Kota Realizasyonu (Net TL) (Grup TR kota realizasyonuna oranı);1;737920,4973;662870;89,82946027
102246;TSMv3 - Toplam Kota Realizasyonu (Net TL) (Grup TR kota realizasyonuna oranı);1;1426897,478;1096822,32;76,78134025
100322;TSMv3 - Toplam Kota Realizasyonu (Net TL) (Grup TR kota realizasyonuna oranı);1;1977746,245;2478012,48;119,5490838
102539;TSMv3 - Toplam Kota Realizasyonu (Net TL) (Grup TR kota realizasyonuna oranı);1;172989,5276;173899,33;111,2604175
100248;TSMv3 - Toplam Kota Realizasyonu (Net TL) (Grup TR kota realizasyonuna oranı);1;1569962,443;1919574,96;135,3251141
101947;TSMv3 - Toplam Kota Realizasyonu (Net TL) (Grup TR kota realizasyonuna oranı);1;1189818,188;1261629,51;105,9164497
102387;TSMv3 - Toplam Kota Realizasyonu (Net TL) (Grup TR kota realizasyonuna oranı);1;1263034,313;1132278,72;89,64750274
102141;TSMv3 - Toplam Kota Realizasyonu (Net TL) (Grup TR kota realizasyonuna oranı);1;1731470,143;1857997,21;107,1870281
101818;TSMv3 - Toplam Kota Realizasyonu (Net TL) (Grup TR kota realizasyonuna oranı);1;1985318,711;2008494,89;96,52811528
101023;TSMv3 - Toplam Kota Realizasyonu (Net TL) (Grup TR kota realizasyonuna oranı);1;1369108,174;1378805,02;96,09005099
100525;TSMv3 - Toplam Kota Realizasyonu (Net TL) (Grup TR kota realizasyonuna oranı);1;2212738,278;2687203,49;115,8734232
100721;TSMv3 - Toplam Kota Realizasyonu (Net TL) (Grup TR kota realizasyonuna oranı);1;1108538,181;1380156,58;110,2248991
100260;TSMv3 - Toplam Kota Realizasyonu (Net TL) (Grup TR kota realizasyonuna oranı);1;1412978,572;1570879,33;111,0502214
102395;TSMv3 - Toplam Kota Realizasyonu (Net TL) (Grup TR kota realizasyonuna oranı);1;1352318,708;1388981,59;102,5958072
101798;TSMv3 - Toplam Kota Realizasyonu (Net TL) (Grup TR kota realizasyonuna oranı);1;1021930,37;870801,89;85,21146996
100592;TSMv3 - Toplam Kota Realizasyonu (Net TL) (Grup TR kota realizasyonuna oranı);1;1632161,989;1660052,95;112,5696383
101925;TSMv3 - Toplam Kota Realizasyonu (Net TL) (Grup TR kota realizasyonuna oranı);1;2296925,307;2300612,59;95,56743956
100674;TSMv3 - Toplam Kota Realizasyonu (Net TL) (Grup TR kota realizasyonuna oranı);1;1823399,614;1693307,31;191,9130622
100720;TSMv3 - Toplam Kota Realizasyonu (Net TL) (Grup TR kota realizasyonuna oranı);1;1122634,94;1244881,33;110,8892379
100681;TSMv3 - Toplam Kota Realizasyonu (Net TL) (Grup TR kota realizasyonuna oranı);1;1167641,057;1436596,29;108,9249549
102119;TSMv3 - Toplam Kota Realizasyonu (Net TL) (Grup TR kota realizasyonuna oranı);1;1296638,368;1647589,87;112,4947488
102531;TSMv3 - Toplam Kota Realizasyonu (Net TL) (Grup TR kota realizasyonuna oranı);1;158734,5912;102326,58;65,91620302
102245;TSMv3 - Toplam Kota Realizasyonu (Net TL) (Grup TR kota realizasyonuna oranı);1;889158,7685;1249658,14;124,4267943
100254;TSMv3 - Toplam Kota Realizasyonu (Net TL) (Grup TR kota realizasyonuna oranı);1;1798265,831;1697516,765;97,1340599
101675;TSMv3 - Toplam Kota Realizasyonu (Net TL) (Grup TR kota realizasyonuna oranı);1;1586227,645;1693171,9;94,50124788
100765;TSMv3 - Toplam Kota Realizasyonu (Net TL) (Grup TR kota realizasyonuna oranı);1;1343295,654;1561107,01;102,8876078
102262;TSMv3 - Toplam Kota Realizasyonu (Net TL) (Grup TR kota realizasyonuna oranı);1;1993480,726;1915758,15;91,69422242
100298;TSMv3 - Toplam Kota Realizasyonu (Net TL) (Grup TR kota realizasyonuna oranı);1;1936609,089;2041678,03;100,5908831
100581;TSMv3 - Toplam Kota Realizasyonu (Net TL) (Grup TR kota realizasyonuna oranı);1;1431150,235;1381425,6;96,5255475
100444;TSMv3 - Toplam Kota Realizasyonu (Net TL) (Grup TR kota realizasyonuna oranı);1;1444967,773;1580690,73;109,3928016
100497;TSMv3 - Toplam Kota Realizasyonu (Net TL) (Grup TR kota realizasyonuna oranı);1;1140835,32;1560526,55;121,1016915
100422;TSMv3 - Toplam Kota Realizasyonu (Net TL) (Grup TR kota realizasyonuna oranı);1;1971179,377;1984274,27;96,04812374
100661;TSMv3 - Toplam Kota Realizasyonu (Net TL) (Grup TR kota realizasyonuna oranı);1;2259547,468;3069797,03;129,6288068
100263;TSMv3 - Toplam Kota Realizasyonu (Net TL) (Grup TR kota realizasyonuna oranı);1;2044414,568;1925302,455;96,90392302
100247;TSMv3 - Toplam Kota Realizasyonu (Net TL) (Grup TR kota realizasyonuna oranı);1;1298176,363;1407135,5;108,3932461
101824;TSMv3 - Toplam Kota Realizasyonu (Net TL) (Grup TR kota realizasyonuna oranı);1;1397873,92;896255,72;70,96211113
101948;TSMv3 - Toplam Kota Realizasyonu (Net TL) (Grup TR kota realizasyonuna oranı);1;1519321,932;1782610,62;117,1976387
100522;TSMv3 - Toplam Kota Realizasyonu (Net TL) (Grup TR kota realizasyonuna oranı);1;1855755,646;1978544,85;101,727516
102388;TSMv3 - Toplam Kota Realizasyonu (Net TL) (Grup TR kota realizasyonuna oranı);1;1191944,927;1320163,81;98,05587945
100691;TSMv3 - Toplam Kota Realizasyonu (Net TL) (Grup TR kota realizasyonuna oranı);1;1203675,36;1299516,46;95,58162724
102251;TSMv3 - Toplam Kota Realizasyonu (Net TL) (Grup TR kota realizasyonuna oranı);1;1092473,144;809309,34;73,99731506
102389;TSMv3 - Toplam Kota Realizasyonu (Net TL) (Grup TR kota realizasyonuna oranı);1;1269051,08;1330559,18;92,82332008
102390;TSMv3 - Toplam Kota Realizasyonu (Net TL) (Grup TR kota realizasyonuna oranı);1;740318,5998;630977,04;85,13479115
102280;TSMv3 - Toplam Kota Realizasyonu (Net TL) (Grup TR kota realizasyonuna oranı);1;1215666,591;1153554,275;97,02839618
101949;TSMv3 - Toplam Kota Realizasyonu (Net TL) (Grup TR kota realizasyonuna oranı);1;1011197,968;1068932,46;105,5908428
100397;TSMv3 - Toplam Kota Realizasyonu (Net TL) (Grup TR kota realizasyonuna oranı);1;1663611,52;1922385,69;118,1582112
100565;TSMv3 - Toplam Kota Realizasyonu (Net TL) (Grup TR kota realizasyonuna oranı);1;1480795,921;1634353,14;97,71307886
100357;TSMv3 - Toplam Kota Realizasyonu (Net TL) (Grup TR kota realizasyonuna oranı);1;1735330,896;1822466,82;100,205293
101695;TSMv3 - Toplam Kota Realizasyonu (Net TL) (Grup TR kota realizasyonuna oranı);1;1597505,394;1357790,16;87,45843167
101679;TSMv3 - Toplam Kota Realizasyonu (Net TL) (Grup TR kota realizasyonuna oranı);1;2086406,957;1873037,255;92,37591537
100202;TSMv3 - Toplam Kota Realizasyonu (Net TL) (Grup TR kota realizasyonuna oranı);1;2527853,696;3209370,35;130,6409298
100518;TSMv3 - Toplam Kota Realizasyonu (Net TL) (Grup TR kota realizasyonuna oranı);1;1447937,03;1262302,73;77,18196867
100788;TSMv3 - Toplam Kota Realizasyonu (Net TL) (Grup TR kota realizasyonuna oranı);1;2532248,47;3339593,9;135,7058917
100404;TSMv3 - Toplam Kota Realizasyonu (Net TL) (Grup TR kota realizasyonuna oranı);1;1562952,664;1516227,24;96,90153326
100539;TSMv3 - Toplam Kota Realizasyonu (Net TL) (Grup TR kota realizasyonuna oranı);1;1341038,357;1577140,67;117,4739063
101981;TSMv3 - Toplam Kota Realizasyonu (Net TL) (Grup TR kota realizasyonuna oranı);1;1392498,537;1328502,43;84,4636045
101807;TSMv3 - Toplam Kota Realizasyonu (Net TL) (Grup TR kota realizasyonuna oranı);1;1033963,974;1258611,66;121,590186
100772;TSMv3 - Toplam Kota Realizasyonu (Net TL) (Grup TR kota realizasyonuna oranı);1;1040722,67;1272270,96;108,2297375
100204;TSMv3 - Toplam Kota Realizasyonu (Net TL) (Grup TR kota realizasyonuna oranı);1;1606568,679;1809461,41;107,4640889
100585;TSMv3 - Toplam Kota Realizasyonu (Net TL) (Grup TR kota realizasyonuna oranı);1;1501781,098;1719043,25;101,3402976
100879;TSMv3 - Toplam Kota Realizasyonu (Net TL) (Grup TR kota realizasyonuna oranı);1;1188558,342;1087573,29;91,40084435
100490;TSMv3 - Toplam Kota Realizasyonu (Net TL) (Grup TR kota realizasyonuna oranı);1;2538046,344;2789091,285;113,0770688
101666;TSMv3 - Toplam Kota Realizasyonu (Net TL) (Grup TR kota realizasyonuna oranı);1;1643506,178;1664697,07;96,64451376
100502;TSMv3 - Toplam Kota Realizasyonu (Net TL) (Grup TR kota realizasyonuna oranı);1;1483901,332;1654593,9;106,3897346
100802;TSMv3 - Toplam Kota Realizasyonu (Net TL) (Grup TR kota realizasyonuna oranı);1;2407865,893;2056538,525;87,88523451
100709;TSMv3 - Toplam Kota Realizasyonu (Net TL) (Grup TR kota realizasyonuna oranı);1;1291003,62;1493946,7;118,3267523
101655;TSMv3 - Toplam Kota Realizasyonu (Net TL) (Grup TR kota realizasyonuna oranı);1;954670,5128;1077362,15;112,8517259
101829;TSMv3 - Toplam Kota Realizasyonu (Net TL) (Grup TR kota realizasyonuna oranı);1;2070551,05;2305638,27;106,2474611
100361;TSMv3 - Toplam Kota Realizasyonu (Net TL) (Grup TR kota realizasyonuna oranı);1;1808042,866;2133276,93;117,9881833
100865;TSMv3 - Toplam Kota Realizasyonu (Net TL) (Grup TR kota realizasyonuna oranı);1;1267209,924;1367887,115;110,3765956
101796;TSMv3 - Toplam Kota Realizasyonu (Net TL) (Grup TR kota realizasyonuna oranı);1;1832664,725;2034420,26;105,9182954
102265;TSMv3 - Toplam Kota Realizasyonu (Net TL) (Grup TR kota realizasyonuna oranı);1;1644186,366;1912394,97;116,3125428
100138;TSMv3 - Toplam Kota Realizasyonu (Net TL) (Grup TR kota realizasyonuna oranı);1;1488196,495;1473471,52;94,47019242
102534;TSMv3 - Toplam Kota Realizasyonu (Net TL) (Grup TR kota realizasyonuna oranı);1;187886,4825;193253,855;105,1738886
101926;TSMv3 - Toplam Kota Realizasyonu (Net TL) (Grup TR kota realizasyonuna oranı);1;1331124,46;1429152,56;95,0521475
100499;TSMv3 - Toplam Kota Realizasyonu (Net TL) (Grup TR kota realizasyonuna oranı);1;1045456,631;1345226,24;113,9177278
101688;TSMv3 - Toplam Kota Realizasyonu (Net TL) (Grup TR kota realizasyonuna oranı);1;2162932,134;2022266,605;169,67004
102263;TSMv3 - Toplam Kota Realizasyonu (Net TL) (Grup TR kota realizasyonuna oranı);1;1394442,594;1293623,65;88,51576721
100763;TSMv3 - Toplam Kota Realizasyonu (Net TL) (Grup TR kota realizasyonuna oranı);1;993247,8787;1330931,74;118,6315327
102295;TSMv3 - Toplam Kota Realizasyonu (Net TL) (Grup TR kota realizasyonuna oranı);1;1307908,982;1462797,66;99,01676657
101659;TSMv3 - Toplam Kota Realizasyonu (Net TL) (Grup TR kota realizasyonuna oranı);1;1147613,812;1060538,67;92,41250488
101542;TSMv3 - Toplam Kota Realizasyonu (Net TL) (Grup TR kota realizasyonuna oranı);1;1253818,906;1386241,91;223,8947789
101279;TSMv3 - Toplam Kota Realizasyonu (Net TL) (Grup TR kota realizasyonuna oranı);1;1481017,17;1581487,35;101,8870434
101261;TSMv3 - Toplam Kota Realizasyonu (Net TL) (Grup TR kota realizasyonuna oranı);1;1329751,08;1526554,59;101,6351642
102287;TSMv3 - Toplam Kota Realizasyonu (Net TL) (Grup TR kota realizasyonuna oranı);1;1206466,707;1051120,65;87,12388367
102142;TSMv3 - Toplam Kota Realizasyonu (Net TL) (Grup TR kota realizasyonuna oranı);1;1195055,838;1346957,15;99,78553442
102392;TSMv3 - Toplam Kota Realizasyonu (Net TL) (Grup TR kota realizasyonuna oranı);1;1966134,988;1788036,28;86,7713444
100724;TSMv3 - Toplam Kota Realizasyonu (Net TL) (Grup TR kota realizasyonuna oranı);1;1198426,551;1471804,49;108,7278266
101920;TSMv3 - Toplam Kota Realizasyonu (Net TL) (Grup TR kota realizasyonuna oranı);1;1060514,099;1079956,03;101,8332553
100532;TSMv3 - Toplam Kota Realizasyonu (Net TL) (Grup TR kota realizasyonuna oranı);1;2745072,856;3526250,77;132,1815012
100459;TSMv3 - Toplam Kota Realizasyonu (Net TL) (Grup TR kota realizasyonuna oranı);1;1468332,611;1824041,43;124,0858995
100253;TSMv3 - Toplam Kota Realizasyonu (Net TL) (Grup TR kota realizasyonuna oranı);1;2168174,351;3136466,03;138,0256233
100947;TSMv3 - Toplam Kota Realizasyonu (Net TL) (Grup TR kota realizasyonuna oranı);1;1106368,542;1205973,07;109,0028344
100511;TSMv3 - Toplam Kota Realizasyonu (Net TL) (Grup TR kota realizasyonuna oranı);1;1230319,703;1642557,015;136,5141834
101929;TSMv3 - Toplam Kota Realizasyonu (Net TL) (Grup TR kota realizasyonuna oranı);1;1295494,196;1376038,62;106,217274
100293;TSMv3 - Toplam Kota Realizasyonu (Net TL) (Grup TR kota realizasyonuna oranı);1;1105159,711;1078092,15;97,55080096
100675;TSMv3 - Toplam Kota Realizasyonu (Net TL) (Grup TR kota realizasyonuna oranı);1;1768411,437;1896205,38;102,3093653
100623;TSMv3 - Toplam Kota Realizasyonu (Net TL) (Grup TR kota realizasyonuna oranı);1;1503737,849;1920202,075;130,5720146
100336;TSMv3 - Toplam Kota Realizasyonu (Net TL) (Grup TR kota realizasyonuna oranı);1;1439216,876;1444654,08;100,3777891
102267;TSMv3 - Toplam Kota Realizasyonu (Net TL) (Grup TR kota realizasyonuna oranı);1;1063848,319;954912,26;91,78232585
100355;TSMv3 - Toplam Kota Realizasyonu (Net TL) (Grup TR kota realizasyonuna oranı);1;2063596,18;2321373,55;107,3330938
100195;TSMv3 - Toplam Kota Realizasyonu (Net TL) (Grup TR kota realizasyonuna oranı);1;1617281,138;1563818,065;193,504123
100261;TSMv3 - Toplam Kota Realizasyonu (Net TL) (Grup TR kota realizasyonuna oranı);1;1404613,876;1573215,21;111,8776567
101559;TSMv3 - Toplam Kota Realizasyonu (Net TL) (Grup TR kota realizasyonuna oranı);1;1419362,073;1608529,11;113,200386
100669;TSMv3 - Toplam Kota Realizasyonu (Net TL) (Grup TR kota realizasyonuna oranı);1;1359544,653;1110137,21;90,37447199
100491;TSMv3 - Toplam Kota Realizasyonu (Net TL) (Grup TR kota realizasyonuna oranı);1;1412771,757;1713740,31;124,0361591
102264;TSMv3 - Toplam Kota Realizasyonu (Net TL) (Grup TR kota realizasyonuna oranı);1;1698386,571;1780140,25;100,0071392
102396;TSMv3 - Toplam Kota Realizasyonu (Net TL) (Grup TR kota realizasyonuna oranı);1;1422677,055;1588152,75;98,82980747
100457;TSMv3 - Toplam Kota Realizasyonu (Net TL) (Grup TR kota realizasyonuna oranı);1;1532384,626;1314021,98;85,75014118
102371;TSMv3 - Toplam Kota Realizasyonu (Net TL) (Grup TR kota realizasyonuna oranı);1;1401682,515;1524973,87;96,3196181
100535;TSMv3 - Toplam Kota Realizasyonu (Net TL) (Grup TR kota realizasyonuna oranı);1;940687,2633;1099365,23;103,4662572
102400;TSMv3 - Toplam Kota Realizasyonu (Net TL) (Grup TR kota realizasyonuna oranı);1;1387470,01;1286683,84;92,7359749
100205;TSMv3 - Toplam Kota Realizasyonu (Net TL) (Grup TR kota realizasyonuna oranı);1;946464,2464;1126260,61;105,3505211
101950;TSMv3 - Toplam Kota Realizasyonu (Net TL) (Grup TR kota realizasyonuna oranı);1;1382264,66;1856132,58;134,1312489
100942;TSMv3 - Toplam Kota Realizasyonu (Net TL) (Grup TR kota realizasyonuna oranı);1;1263185,615;1335528,38;93,60260933
102268;TSMv3 - Toplam Kota Realizasyonu (Net TL) (Grup TR kota realizasyonuna oranı);1;1530145,989;1557509,78;101,7883125
101841;TSMv3 - Toplam Kota Realizasyonu (Net TL) (Grup TR kota realizasyonuna oranı);1;1177366,221;1267706,06;102,7354496
102401;TSMv3 - Toplam Kota Realizasyonu (Net TL) (Grup TR kota realizasyonuna oranı);1;1481334,661;1501750,58;101,2644021
102402;TSMv3 - Toplam Kota Realizasyonu (Net TL) (Grup TR kota realizasyonuna oranı);1;1559499,341;1492536,02;95,59865997
102529;TSMv3 - Toplam Kota Realizasyonu (Net TL) (Grup TR kota realizasyonuna oranı);1;416651,5553;417860,31;103,1975713
100682;TSMv3 - Toplam Kota Realizasyonu (Net TL) (Grup TR kota realizasyonuna oranı);1;1236414,545;1512351,97;108,2906041
100704;TSMv3 - Toplam Kota Realizasyonu (Net TL) (Grup TR kota realizasyonuna oranı);1;1345643,939;1550597,93;102,0166471
100707;TSMv3 - Toplam Kota Realizasyonu (Net TL) (Grup TR kota realizasyonuna oranı);1;1068270,056;1024438,07;95,89691893
100233;TSMv3 - Toplam Kota Realizasyonu (Net TL) (Grup TR kota realizasyonuna oranı);1;2660673,433;2765134,785;106,9389939
100766;TSMv3 - Toplam Kota Realizasyonu (Net TL) (Grup TR kota realizasyonuna oranı);1;1495908,177;1431384,91;91,29874961
100626;TSMv3 - Toplam Kota Realizasyonu (Net TL) (Grup TR kota realizasyonuna oranı);1;1506872,675;1605608,82;106,552388
100288;TSMv3 - Toplam Kota Realizasyonu (Net TL) (Grup TR kota realizasyonuna oranı);1;1577514,531;1404385,81;98,53162687
100718;TSMv3 - Toplam Kota Realizasyonu (Net TL) (Grup TR kota realizasyonuna oranı);1;2547453,788;3458840,42;129,5500373
100688;TSMv3 - Toplam Kota Realizasyonu (Net TL) (Grup TR kota realizasyonuna oranı);1;1326847,635;1320082,85;88,08098039
101658;TSMv3 - Toplam Kota Realizasyonu (Net TL) (Grup TR kota realizasyonuna oranı);1;1516890,99;1840088,11;121,1703679
100241;TSMv3 - Toplam Kota Realizasyonu (Net TL) (Grup TR kota realizasyonuna oranı);1;1501195,815;1632298,72;96,26408796
100778;TSMv3 - Toplam Kota Realizasyonu (Net TL) (Grup TR kota realizasyonuna oranı);1;2139619,474;1833914,775;88,19703169
100948;TSMv3 - Toplam Kota Realizasyonu (Net TL) (Grup TR kota realizasyonuna oranı);1;1142150,022;1269234,34;111,1267622
102269;TSMv3 - Toplam Kota Realizasyonu (Net TL) (Grup TR kota realizasyonuna oranı);1;1085789,233;878869,94;82,76646014
101498;TSMv3 - Toplam Kota Realizasyonu (Net TL) (Grup TR kota realizasyonuna oranı);1;1606970,231;1804535,19;99,41674263
100782;TSMv3 - Toplam Kota Realizasyonu (Net TL) (Grup TR kota realizasyonuna oranı);1;1349575,064;1345761,67;99,60549282
100915;TSMv3 - Toplam Kota Realizasyonu (Net TL) (Grup TR kota realizasyonuna oranı);1;1217272,628;1328392,63;96,61412092
100679;TSMv3 - Toplam Kota Realizasyonu (Net TL) (Grup TR kota realizasyonuna oranı);1;1376140,598;1594017,77;102,5492189
100199;TSMv3 - Toplam Kota Realizasyonu (Net TL) (Grup TR kota realizasyonuna oranı);1;1487258,906;1751756,61;117,652014
101816;TSMv3 - Toplam Kota Realizasyonu (Net TL) (Grup TR kota realizasyonuna oranı);1;1523469,323;1620201,94;101,4725947
100240;TSMv3 - Toplam Kota Realizasyonu (Net TL) (Grup TR kota realizasyonuna oranı);1;1148233,333;1228824,32;107,0186943
100334;TSMv3 - Toplam Kota Realizasyonu (Net TL) (Grup TR kota realizasyonuna oranı);1;1298058,849;1296586,57;99,77444396
100862;TSMv3 - Toplam Kota Realizasyonu (Net TL) (Grup TR kota realizasyonuna oranı);1;1831982,412;2211646,39;115,1881285
100438;TSMv3 - Toplam Kota Realizasyonu (Net TL) (Grup TR kota realizasyonuna oranı);1;1432784,942;1573327,69;109,8090609
100577;TSMv3 - Toplam Kota Realizasyonu (Net TL) (Grup TR kota realizasyonuna oranı);1;1898045,031;2029043,29;118,3170657
100344;TSMv3 - Toplam Kota Realizasyonu (Net TL) (Grup TR kota realizasyonuna oranı);1;1276015,568;1271994,41;99,57295802
100384;TSMv3 - Toplam Kota Realizasyonu (Net TL) (Grup TR kota realizasyonuna oranı);1;1280591,736;1850771,19;127,9511051
101691;TSMv3 - Toplam Kota Realizasyonu (Net TL) (Grup TR kota realizasyonuna oranı);1;1753588,705;2117066,68;120,5921329
102535;TSMv3 - Toplam Kota Realizasyonu (Net TL) (Grup TR kota realizasyonuna oranı);1;234649,311;284038,82;133,9741486
100166;TSMv3 - Toplam Kota Realizasyonu (Net TL) (Grup TR kota realizasyonuna oranı);1;1411304,986;1319985,29;103,516792
100506;TSMv3 - Toplam Kota Realizasyonu (Net TL) (Grup TR kota realizasyonuna oranı);1;1311703,701;1358956,97;103,6024347
102404;TSMv3 - Toplam Kota Realizasyonu (Net TL) (Grup TR kota realizasyonuna oranı);1;1326958,703;1687394,62;127,0198022
101474;TSMv3 - Toplam Kota Realizasyonu (Net TL) (Grup TR kota realizasyonuna oranı);1;1448528,266;1951554,53;137,7618664
100341;TSMv3 - Toplam Kota Realizasyonu (Net TL) (Grup TR kota realizasyonuna oranı);1;1718158,688;1478837,15;95,26199418
100449;TSMv3 - Toplam Kota Realizasyonu (Net TL) (Grup TR kota realizasyonuna oranı);1;1484686,412;1369682,86;92,25401731
100453;TSMv3 - Toplam Kota Realizasyonu (Net TL) (Grup TR kota realizasyonuna oranı);1;1900999,859;1557828,98;77,67
100196;TSMv3 - Toplam Kota Realizasyonu (Net TL) (Grup TR kota realizasyonuna oranı);1;1289043,41;1485688,01;115,2550797
101935;TSMv3 - Toplam Kota Realizasyonu (Net TL) (Grup TR kota realizasyonuna oranı);1;1245796,516;1572224,85;111,7299359
100717;TSMv3 - Toplam Kota Realizasyonu (Net TL) (Grup TR kota realizasyonuna oranı);1;1489543,566;2167196,075;148,7716902
100680;TSMv3 - Toplam Kota Realizasyonu (Net TL) (Grup TR kota realizasyonuna oranı);1;1538863,063;1551767,81;89,27477587
100164;TSMv3 - Toplam Kota Realizasyonu (Net TL) (Grup TR kota realizasyonuna oranı);1;1497786,155;1728791,37;102,1867954
100276;TSMv3 - Toplam Kota Realizasyonu (Net TL) (Grup TR kota realizasyonuna oranı);1;1244346,834;1496641,42;106,4825195
