Çalışan Sicil No;Gösterge Adı;Periyot;Planlanan;Gerçekleşen;Sonuç 
100626;TSMv1 - Gelişim İndeksi;1;104,82;109,8;104,75
100671;TSMv1 - Gelişim İndeksi;1;104,82;97,55;93,07
100332;TSMv1 - Gelişim İndeksi;1;104,82;109,64;104,6
100122;TSMv1 - Gelişim İndeksi;1;104,82;103,34;98,59
100416;TSMv1 - Gelişim İndeksi;1;104,82;112,02;106,87
100361;TSMv1 - Gelişim İndeksi;1;104,82;97,74;93,25
100466;TSMv1 - Gelişim İndeksi;1;104,82;103,51;98,76
101575;TSMv1 - Gelişim İndeksi;1;104,82;99,16;94,6
101814;TSMv1 - Gelişim İndeksi;1;104,82;135,6;129,37
100086;TSMv1 - Gelişim İndeksi;1;104,82;80,37;76,67
100444;TSMv1 - Gelişim İndeksi;1;104,82;85,1;81,19
100462;TSMv1 - Gelişim İndeksi;1;104,82;109,31;104,29
100574;TSMv1 - Gelişim İndeksi;1;104,82;129,12;123,19
100467;TSMv1 - Gelişim İndeksi;1;104,82;104,53;99,72
100707;TSMv1 - Gelişim İndeksi;1;104,82;120,21;114,68
100247;TSMv1 - Gelişim İndeksi;1;104,82;117,92;112,5
100769;TSMv1 - Gelişim İndeksi;1;104,82;111,52;106,39
101654;TSMv1 - Gelişim İndeksi;1;104,82;107,65;102,71
100119;TSMv1 - Gelişim İndeksi;1;104,82;100,96;96,32
100270;TSMv1 - Gelişim İndeksi;1;104,82;118,82;113,36
100104;TSMv1 - Gelişim İndeksi;1;104,82;117,63;112,22
100336;TSMv1 - Gelişim İndeksi;1;104,82;107,79;102,84
100450;TSMv1 - Gelişim İndeksi;1;104,82;115,01;109,73
100711;TSMv1 - Gelişim İndeksi;1;104,82;94,27;89,94
100465;TSMv1 - Gelişim İndeksi;1;104,82;106,53;101,63
100662;TSMv1 - Gelişim İndeksi;1;104,82;109,97;104,91
100457;TSMv1 - Gelişim İndeksi;1;104,82;114,93;109,65
100796;TSMv1 - Gelişim İndeksi;1;104,82;118,4;112,96
101463;TSMv1 - Gelişim İndeksi;1;104,82;91,65;87,44
101826;TSMv1 - Gelişim İndeksi;1;104,82;92,52;88,26
102001;TSMv1 - Gelişim İndeksi;1;104,82;88,82;84,74
100506;TSMv1 - Gelişim İndeksi;1;104,82;113,33;108,12
100324;TSMv1 - Gelişim İndeksi;1;104,82;111,36;106,24
100538;TSMv1 - Gelişim İndeksi;1;104,82;129,57;123,62
100517;TSMv1 - Gelişim İndeksi;1;104,82;108,81;103,81
100449;TSMv1 - Gelişim İndeksi;1;104,82;106,53;101,63
101251;TSMv1 - Gelişim İndeksi;1;104,82;116,8;111,43
101558;TSMv1 - Gelişim İndeksi;1;104,82;101,04;96,39
101921;TSMv1 - Gelişim İndeksi;1;104,82;117,24;111,85
101929;TSMv1 - Gelişim İndeksi;1;104,82;93,91;89,59
100438;TSMv1 - Gelişim İndeksi;1;104,82;90,9;86,72
100496;TSMv1 - Gelişim İndeksi;1;104,82;119,67;114,17
100196;TSMv1 - Gelişim İndeksi;1;104,82;103,67;98,91
100720;TSMv1 - Gelişim İndeksi;1;104,82;117,41;112,01
100947;TSMv1 - Gelişim İndeksi;1;104,82;115,35;110,05
100948;TSMv1 - Gelişim İndeksi;1;104,82;110,21;105,14
101448;TSMv1 - Gelişim İndeksi;1;104,82;99,04;94,49
101467;TSMv1 - Gelişim İndeksi;1;104,82;148,23;141,41
101549;TSMv1 - Gelişim İndeksi;1;104,82;95,82;91,42
101692;TSMv1 - Gelişim İndeksi;1;104,82;136,98;130,68
101804;TSMv1 - Gelişim İndeksi;1;104,82;119,15;113,68
101805;TSMv1 - Gelişim İndeksi;1;104,82;134,14;127,97
101912;TSMv1 - Gelişim İndeksi;1;104,82;108,9;103,89
101915;TSMv1 - Gelişim İndeksi;1;104,82;98,06;93,55
102007;TSMv1 - Gelişim İndeksi;1;104,82;73,42;70,05
100581;TSMv1 - Gelişim İndeksi;1;104,82;88,61;84,53
100595;TSMv1 - Gelişim İndeksi;1;104,82;101,33;96,67
100272;TSMv1 - Gelişim İndeksi;1;104,82;104,31;99,52
100293;TSMv1 - Gelişim İndeksi;1;104,82;116,84;111,47
100358;TSMv1 - Gelişim İndeksi;1;104,82;113,24;108,04
100356;TSMv1 - Gelişim İndeksi;1;104,82;92,84;88,57
100864;TSMv1 - Gelişim İndeksi;1;104,82;104,78;99,97
101273;TSMv1 - Gelişim İndeksi;1;104,82;97,96;93,45
101655;TSMv1 - Gelişim İndeksi;1;104,82;122,47;116,84
101656;TSMv1 - Gelişim İndeksi;1;104,82;114,58;109,31
101798;TSMv1 - Gelişim İndeksi;1;104,82;133,1;126,98
101854;TSMv1 - Gelişim İndeksi;1;104,82;98,3;93,78
101996;TSMv1 - Gelişim İndeksi;1;104,82;97,74;93,25
102005;TSMv1 - Gelişim İndeksi;1;104,82;67,98;64,86
100240;TSMv1 - Gelişim İndeksi;1;104,82;111,66;106,53
100239;TSMv1 - Gelişim İndeksi;1;104,82;98,35;93,83
100071;TSMv1 - Gelişim İndeksi;1;104,82;111,54;106,41
100329;TSMv1 - Gelişim İndeksi;1;104,82;101,63;96,96
100360;TSMv1 - Gelişim İndeksi;1;104,82;97,75;93,26
101791;TSMv1 - Gelişim İndeksi;1;104,82;148,29;141,48
101908;TSMv1 - Gelişim İndeksi;1;104,82;66,07;63,04
101931;TSMv1 - Gelişim İndeksi;1;104,82;82,75;78,94
102000;TSMv1 - Gelişim İndeksi;1;104,82;119,86;114,35
100103;TSMv1 - Gelişim İndeksi;1;104,82;93,15;88,87
100250;TSMv1 - Gelişim İndeksi;1;104,82;95,13;90,75
100670;TSMv1 - Gelişim İndeksi;1;104,82;92,52;88,26
100342;TSMv1 - Gelişim İndeksi;1;104,82;103,63;98,87
100487;TSMv1 - Gelişim İndeksi;1;104,82;92,91;88,64
100936;TSMv1 - Gelişim İndeksi;1;104,82;79,75;76,08
101460;TSMv1 - Gelişim İndeksi;1;104,82;105,36;100,52
101659;TSMv1 - Gelişim İndeksi;1;104,82;98,12;93,61
101806;TSMv1 - Gelişim İndeksi;1;104,82;103,78;99,01
101808;TSMv1 - Gelişim İndeksi;1;104,82;89,12;85,03
101917;TSMv1 - Gelişim İndeksi;1;104,82;112,72;107,54
101919;TSMv1 - Gelişim İndeksi;1;104,82;83,02;79,2
101920;TSMv1 - Gelişim İndeksi;1;104,82;100,56;95,94
101693;TSMv1 - Gelişim İndeksi;1;102,66;95,77;93,29
100461;TSMv1 - Gelişim İndeksi;1;102,66;99,72;97,14
101982;TSMv1 - Gelişim İndeksi;1;102,66;83,38;81,22
100950;TSMv1 - Gelişim İndeksi;1;102,66;107,43;104,64
101923;TSMv1 - Gelişim İndeksi;1;102,66;110,09;107,24
100422;TSMv1 - Gelişim İndeksi;1;102,66;114,85;111,87
100522;TSMv1 - Gelişim İndeksi;1;102,66;125,7;122,44
100355;TSMv1 - Gelişim İndeksi;1;102,66;99,19;96,62
100893;TSMv1 - Gelişim İndeksi;1;102,66;106,93;104,16
100650;TSMv1 - Gelişim İndeksi;1;102,66;92,54;90,14
100540;TSMv1 - Gelişim İndeksi;1;102,66;99,69;97,1
100584;TSMv1 - Gelişim İndeksi;1;102,66;98,59;96,03
101568;TSMv1 - Gelişim İndeksi;1;102,66;95,07;92,61
100618;TSMv1 - Gelişim İndeksi;1;102,66;88,17;85,88
100269;TSMv1 - Gelişim İndeksi;1;102,66;98,53;95,98
101796;TSMv1 - Gelişim İndeksi;1;102,66;98,87;96,31
100501;TSMv1 - Gelişim İndeksi;1;102,66;108,65;105,83
101797;TSMv1 - Gelişim İndeksi;1;102,66;103,57;100,89
100509;TSMv1 - Gelişim İndeksi;1;102,66;94,94;92,48
101909;TSMv1 - Gelişim İndeksi;1;102,66;109,27;106,44
101914;TSMv1 - Gelişim İndeksi;1;102,66;79,49;77,43
101276;TSMv1 - Gelişim İndeksi;1;102,66;109,99;107,14
100579;TSMv1 - Gelişim İndeksi;1;102,66;93,97;91,54
101817;TSMv1 - Gelişim İndeksi;1;102,66;103,8;101,11
100686;TSMv1 - Gelişim İndeksi;1;102,66;101,92;99,28
101924;TSMv1 - Gelişim İndeksi;1;102,66;89,39;87,07
101818;TSMv1 - Gelişim İndeksi;1;102,66;97;94,48
100674;TSMv1 - Gelişim İndeksi;1;102,66;109,14;106,31
100298;TSMv1 - Gelişim İndeksi;1;102,66;115,35;112,36
100357;TSMv1 - Gelişim İndeksi;1;102,66;100,3;97,7
100766;TSMv1 - Gelişim İndeksi;1;102,66;96,58;94,07
101323;TSMv1 - Gelişim İndeksi;1;102,66;106,66;103,9
101975;TSMv1 - Gelişim İndeksi;1;102,66;91,57;89,19
101661;TSMv1 - Gelişim İndeksi;1;102,66;101,16;98,54
101020;TSMv1 - Gelişim İndeksi;1;102,66;100,27;97,67
100335;TSMv1 - Gelişim İndeksi;1;102,66;105,63;102,89
101660;TSMv1 - Gelişim İndeksi;1;102,66;125,33;122,08
100585;TSMv1 - Gelişim İndeksi;1;102,66;89,75;87,43
101930;TSMv1 - Gelişim İndeksi;1;102,66;127,59;124,28
101841;TSMv1 - Gelişim İndeksi;1;102,66;124,41;121,19
101810;TSMv1 - Gelişim İndeksi;1;102,66;99,17;96,6
101954;TSMv1 - Gelişim İndeksi;1;102,66;82,1;79,97
100209;TSMv1 - Gelişim İndeksi;1;102,66;100,71;98,1
101840;TSMv1 - Gelişim İndeksi;1;102,66;88,73;86,43
100328;TSMv1 - Gelişim İndeksi;1;102,66;116,41;113,39
100658;TSMv1 - Gelişim İndeksi;1;102,66;105,04;102,32
100456;TSMv1 - Gelişim İndeksi;1;102,66;94,81;92,36
100525;TSMv1 - Gelişim İndeksi;1;102,66;100,02;97,43
101925;TSMv1 - Gelişim İndeksi;1;102,66;101,65;99,02
100661;TSMv1 - Gelişim İndeksi;1;102,66;97,83;95,3
100204;TSMv1 - Gelişim İndeksi;1;102,66;105,54;102,81
101279;TSMv1 - Gelişim İndeksi;1;102,66;93,29;90,87
100253;TSMv1 - Gelişim İndeksi;1;102,66;95,25;92,78
101663;TSMv1 - Gelişim İndeksi;1;102,66;108,78;105,96
101906;TSMv1 - Gelişim İndeksi;1;102,66;102,13;99,48
100713;TSMv1 - Gelişim İndeksi;1;102,66;110,56;107,69
101329;TSMv1 - Gelişim İndeksi;1;102,66;135,08;131,58
101264;TSMv1 - Gelişim İndeksi;1;102,66;109,32;106,48
101547;TSMv1 - Gelişim İndeksi;1;102,66;121,4;118,25
100392;TSMv1 - Gelişim İndeksi;1;102,66;103,88;101,19
101829;TSMv1 - Gelişim İndeksi;1;102,66;127,87;124,55
101269;TSMv1 - Gelişim İndeksi;1;102,66;107,05;104,28
101664;TSMv1 - Gelişim İndeksi;1;102,66;106,38;103,62
101267;TSMv1 - Gelişim İndeksi;1;102,66;106,11;103,36
101932;TSMv1 - Gelişim İndeksi;1;102,66;99,14;96,57
101933;TSMv1 - Gelişim İndeksi;1;102,66;99,35;96,77
101270;TSMv1 - Gelişim İndeksi;1;102,66;105,8;103,05
101023;TSMv1 - Gelişim İndeksi;1;102,66;120,19;117,08
100528;TSMv1 - Gelişim İndeksi;1;102,66;109,5;106,66
100333;TSMv1 - Gelişim İndeksi;1;102,66;94,85;92,39
100460;TSMv1 - Gelişim İndeksi;1;102,66;97,5;94,97
100515;TSMv1 - Gelişim İndeksi;1;102,66;103,89;101,19
101794;TSMv1 - Gelişim İndeksi;1;102,66;111,26;108,37
100383;TSMv1 - Gelişim İndeksi;1;102,66;98,51;95,96
100718;TSMv1 - Gelişim İndeksi;1;102,66;112,36;109,44
100862;TSMv1 - Gelişim İndeksi;1;102,66;117,88;114,82
100242;TSMv1 - Gelişim İndeksi;1;102,66;94,21;91,77
100201;TSMv1 - Gelişim İndeksi;1;102,66;105,94;103,19
101911;TSMv1 - Gelişim İndeksi;1;102,66;101,41;98,78
100668;TSMv1 - Gelişim İndeksi;1;102,66;95,75;93,26
101562;TSMv1 - Gelişim İndeksi;1;102,66;105,53;102,79
100529;TSMv1 - Gelişim İndeksi;1;102,66;114,1;111,14
100379;TSMv1 - Gelişim İndeksi;1;102,66;106,89;104,12
100322;TSMv1 - Gelişim İndeksi;1;102,66;109,36;106,52
101666;TSMv1 - Gelişim İndeksi;1;102,66;112,53;109,61
100502;TSMv1 - Gelişim İndeksi;1;102,66;108,81;105,99
100138;TSMv1 - Gelişim İndeksi;1;102,66;125,27;122,02
100675;TSMv1 - Gelişim İndeksi;1;102,66;99,12;96,55
101816;TSMv1 - Gelişim İndeksi;1;102,66;109,46;106,63
101482;TSMv1 - Gelişim İndeksi;1;141,93;171,46;120,8
100248;TSMv1 - Gelişim İndeksi;1;141,93;159,93;112,68
100592;TSMv1 - Gelişim İndeksi;1;141,93;184,99;130,33
101824;TSMv1 - Gelişim İndeksi;1;141,93;187,81;132,32
100669;TSMv1 - Gelişim İndeksi;1;141,93;158,42;111,62
100341;TSMv1 - Gelişim İndeksi;1;141,93;133,59;94,12
100121;TSMv1 - Gelişim İndeksi;1;141,93;153,85;108,39
100527;TSMv1 - Gelişim İndeksi;1;141,93;127,26;89,66
100463;TSMv1 - Gelişim İndeksi;1;141,93;147,99;104,26
101483;TSMv1 - Gelişim İndeksi;1;141,93;146,7;103,36
100166;TSMv1 - Gelişim İndeksi;1;141,93;133,34;93,94
100079;TSMv1 - Gelişim İndeksi;1;141,93;123,37;86,92
100244;TSMv1 - Gelişim İndeksi;1;141,93;115,66;81,49
101696;TSMv1 - Gelişim İndeksi;1;141,93;147,74;104,09
101487;TSMv1 - Gelişim İndeksi;1;141,93;119,64;84,29
100323;TSMv1 - Gelişim İndeksi;1;141,93;127,46;89,8
100799;TSMv1 - Gelişim İndeksi;1;141,93;151,43;106,69
101553;TSMv1 - Gelişim İndeksi;1;141,93;200,89;141,54
100288;TSMv1 - Gelişim İndeksi;1;141,93;125,04;88,1
100577;TSMv1 - Gelişim İndeksi;1;141,93;147,18;103,69
100292;TSMv1 - Gelişim İndeksi;1;141,93;118,98;83,83
100102;TSMv1 - Gelişim İndeksi;1;141,93;133,72;94,21
101490;TSMv1 - Gelişim İndeksi;1;141,93;166,24;117,13
101667;TSMv1 - Gelişim İndeksi;1;141,93;163,14;114,94
100321;TSMv1 - Gelişim İndeksi;1;141,93;145,39;102,44
100195;TSMv1 - Gelişim İndeksi;1;141,93;152,83;107,68
100453;TSMv1 - Gelişim İndeksi;1;141,93;239,07;168,44
101668;TSMv1 - Gelişim İndeksi;1;141,93;133,51;94,06
100265;TSMv1 - Gelişim İndeksi;1;141,93;130,57;91,99
100514;TSMv1 - Gelişim İndeksi;1;141,93;151,38;106,66
101669;TSMv1 - Gelişim İndeksi;1;141,93;136,58;96,23
100194;TSMv1 - Gelişim İndeksi;1;141,93;125,97;88,76
100101;TSMv1 - Gelişim İndeksi;1;141,93;141,58;99,75
100797;TSMv1 - Gelişim İndeksi;1;141,93;175,35;123,54
100378;TSMv1 - Gelişim İndeksi;1;105,4;111,79;106,05
101811;TSMv1 - Gelişim İndeksi;1;105,4;89,77;85,16
101972;TSMv1 - Gelişim İndeksi;1;105,4;101,99;96,76
101253;TSMv1 - Gelişim İndeksi;1;105,4;101,01;95,83
101940;TSMv1 - Gelişim İndeksi;1;105,4;108,11;102,56
101832;TSMv1 - Gelişim İndeksi;1;105,4;122,77;116,48
101842;TSMv1 - Gelişim İndeksi;1;105,4;130,05;123,38
100596;TSMv1 - Gelişim İndeksi;1;105,4;112,58;106,8
101943;TSMv1 - Gelişim İndeksi;1;105,4;103,17;97,88
101945;TSMv1 - Gelişim İndeksi;1;105,4;91,23;86,55
101974;TSMv1 - Gelişim İndeksi;1;105,4;89,82;85,21
101691;TSMv1 - Gelişim İndeksi;1;105,4;129,43;122,79
101821;TSMv1 - Gelişim İndeksi;1;105,4;102,07;96,83
101823;TSMv1 - Gelişim İndeksi;1;105,4;89,22;84,65
100470;TSMv1 - Gelişim İndeksi;1;105,4;94,3;89,46
100657;TSMv1 - Gelişim İndeksi;1;105,4;110,83;105,14
100398;TSMv1 - Gelişim İndeksi;1;105,4;103,64;98,33
100801;TSMv1 - Gelişim İndeksi;1;105,4;97,18;92,2
100561;TSMv1 - Gelişim İndeksi;1;105,4;92,82;88,06
101567;TSMv1 - Gelişim İndeksi;1;105,4;97,89;92,87
100768;TSMv1 - Gelişim İndeksi;1;105,4;104,9;99,53
100404;TSMv1 - Gelişim İndeksi;1;105,4;102,45;97,2
100344;TSMv1 - Gelişim İndeksi;1;105,4;105,32;99,92
101951;TSMv1 - Gelişim İndeksi;1;105,4;98,99;93,91
102006;TSMv1 - Gelişim İndeksi;1;105,4;142,42;135,11
101938;TSMv1 - Gelişim İndeksi;1;105,4;126,18;119,71
101486;TSMv1 - Gelişim İndeksi;1;105,4;102,57;97,31
101555;TSMv1 - Gelişim İndeksi;1;105,4;88,41;83,88
101262;TSMv1 - Gelişim İndeksi;1;105,4;105,68;100,26
100275;TSMv1 - Gelişim İndeksi;1;105,4;110,37;104,71
101952;TSMv1 - Gelişim İndeksi;1;105,4;90,19;85,56
101944;TSMv1 - Gelişim İndeksi;1;105,4;98,03;93
100200;TSMv1 - Gelişim İndeksi;1;105,4;93,92;89,1
100503;TSMv1 - Gelişim İndeksi;1;105,4;91,78;87,07
100539;TSMv1 - Gelişim İndeksi;1;105,4;94,3;89,47
101542;TSMv1 - Gelişim İndeksi;1;105,4;98,52;93,47
100459;TSMv1 - Gelişim İndeksi;1;105,4;149,93;142,24
100334;TSMv1 - Gelişim İndeksi;1;105,4;130,39;123,71
101937;TSMv1 - Gelişim İndeksi;1;105,4;108,64;103,07
100294;TSMv1 - Gelişim İndeksi;1;105,4;115,45;109,53
101939;TSMv1 - Gelişim İndeksi;1;105,4;117,25;111,24
100716;TSMv1 - Gelişim İndeksi;1;105,4;91,83;87,12
101573;TSMv1 - Gelişim İndeksi;1;105,4;133,2;126,37
101546;TSMv1 - Gelişim İndeksi;1;105,4;136,24;129,25
101488;TSMv1 - Gelişim İndeksi;1;105,4;102,8;97,53
101677;TSMv1 - Gelişim İndeksi;1;105,4;111,95;106,21
101942;TSMv1 - Gelişim İndeksi;1;105,4;104,27;98,92
100296;TSMv1 - Gelişim İndeksi;1;105,4;130,04;123,38
101949;TSMv1 - Gelişim İndeksi;1;105,4;95,76;90,85
101450;TSMv1 - Gelişim İndeksi;1;105,4;106,2;100,75
100879;TSMv1 - Gelişim İndeksi;1;105,4;119,3;113,19
101998;TSMv1 - Gelişim İndeksi;1;105,4;111,8;106,06
100315;TSMv1 - Gelişim İndeksi;1;105,4;114,31;108,45
101941;TSMv1 - Gelişim İndeksi;1;105,4;115,33;109,42
100770;TSMv1 - Gelişim İndeksi;1;105,4;105,6;100,19
101560;TSMv1 - Gelişim İndeksi;1;105,4;105,97;100,54
101683;TSMv1 - Gelişim İndeksi;1;105,4;114,5;108,63
100624;TSMv1 - Gelişim İndeksi;1;105,4;115,66;109,73
101946;TSMv1 - Gelişim İndeksi;1;105,4;99,78;94,66
101947;TSMv1 - Gelişim İndeksi;1;105,4;95,91;91
100260;TSMv1 - Gelişim İndeksi;1;105,4;127,46;120,92
101807;TSMv1 - Gelişim İndeksi;1;105,4;115,36;109,45
101566;TSMv1 - Gelişim İndeksi;1;105,4;110,97;105,28
101950;TSMv1 - Gelişim İndeksi;1;105,4;113,59;107,77
100797;TSMv1 - Gelişim İndeksi;1;105,4;90,47;85,83
100327;TSMv1 - Gelişim İndeksi;1;105,4;108,65;103,08
101795;TSMv1 - Gelişim İndeksi;1;105,4;139,36;132,21
101948;TSMv1 - Gelişim İndeksi;1;105,4;127,49;120,95
100212;TSMv1 - Gelişim İndeksi;1;105,4;108,49;102,93
100403;TSMv1 - Gelişim İndeksi;1;105,4;97,34;92,35
100261;TSMv1 - Gelişim İndeksi;1;105,4;118,4;112,33
101658;TSMv1 - Gelişim İndeksi;1;105,4;103,21;97,92
100199;TSMv1 - Gelişim İndeksi;1;105,4;104,73;99,36
101997;TSMv1 - Gelişim İndeksi;1;105,4;80,76;76,61
100681;TSMv1 - Gelişim İndeksi;1;91,53;81,03;88,52
100565;TSMv1 - Gelişim İndeksi;1;91,53;92,21;100,75
100518;TSMv1 - Gelişim İndeksi;1;91,53;99,47;108,67
101981;TSMv1 - Gelişim İndeksi;1;91,53;77,9;85,11
100724;TSMv1 - Gelişim İndeksi;1;91,53;84,5;92,32
100682;TSMv1 - Gelişim İndeksi;1;91,53;87,03;95,09
100704;TSMv1 - Gelişim İndeksi;1;91,53;88,7;96,91
100241;TSMv1 - Gelişim İndeksi;1;91,53;98,32;107,42
100680;TSMv1 - Gelişim İndeksi;1;91,53;83,57;91,31
100932;TSMv1 - Gelişim İndeksi;1;91,53;79,63;87
101565;TSMv1 - Gelişim İndeksi;1;91,53;90,4;98,76
100627;TSMv1 - Gelişim İndeksi;1;91,53;91,65;100,13
101671;TSMv1 - Gelişim İndeksi;1;91,53;82,71;90,37
100494;TSMv1 - Gelişim İndeksi;1;91,53;90,91;99,32
100721;TSMv1 - Gelişim İndeksi;1;91,53;112,92;123,38
100772;TSMv1 - Gelişim İndeksi;1;91,53;83,06;90,75
101825;TSMv1 - Gelişim İndeksi;1;91,53;97,14;106,13
100499;TSMv1 - Gelişim İndeksi;1;91,53;94,94;103,72
101564;TSMv1 - Gelişim İndeksi;1;91,53;84,01;91,79
101800;TSMv1 - Gelişim İndeksi;1;91,53;102,92;112,45
100274;TSMv1 - Gelişim İndeksi;1;91,53;101,33;110,7
101013;TSMv1 - Gelişim İndeksi;1;91,53;97,01;105,98
101801;TSMv1 - Gelişim İndeksi;1;91,53;100,71;110,03
100786;TSMv1 - Gelişim İndeksi;1;91,53;93,68;102,35
101916;TSMv1 - Gelişim İndeksi;1;91,53;86,36;94,36
100775;TSMv1 - Gelişim İndeksi;1;91,53;91,83;100,33
100337;TSMv1 - Gelişim İndeksi;1;91,53;92,89;101,49
100338;TSMv1 - Gelişim İndeksi;1;91,53;87,69;95,81
101266;TSMv1 - Gelişim İndeksi;1;91,53;83;90,68
100765;TSMv1 - Gelişim İndeksi;1;91,53;98,65;107,78
101493;TSMv1 - Gelişim İndeksi;1;91,53;111,34;121,65
100679;TSMv1 - Gelişim İndeksi;1;91,53;95,32;104,14
101935;TSMv1 - Gelişim İndeksi;1;91,53;88,73;96,94
101905;TSMv1 - Gelişim İndeksi;1;91,53;99,76;108,99
101955;TSMv1 - Gelişim İndeksi;1;91,53;86,43;94,43
101274;TSMv1 - Gelişim İndeksi;1;91,53;90,04;98,38
101673;TSMv1 - Gelişim İndeksi;1;91,53;101,31;110,68
101676;TSMv1 - Gelişim İndeksi;1;91,53;102,08;111,53
101852;TSMv1 - Gelişim İndeksi;1;91,53;83,08;90,76
101672;TSMv1 - Gelişim İndeksi;1;91,53;91,15;99,59
100541;TSMv1 - Gelişim İndeksi;1;91,53;92,07;100,59
101675;TSMv1 - Gelişim İndeksi;1;91,53;93,23;101,86
100942;TSMv1 - Gelişim İndeksi;1;91,53;103,43;113
100303;TSMv1 - Gelişim İndeksi;1;91,53;79,61;86,98
101541;TSMv1 - Gelişim İndeksi;1;91,53;82,59;90,23
101498;TSMv1 - Gelişim İndeksi;1;91,53;91,35;99,81
101956;TSMv1 - Gelişim İndeksi;1;91,53;92,25;100,79
100934;TSMv1 - Gelişim İndeksi;1;91,53;92,89;101,48
101561;TSMv1 - Gelişim İndeksi;1;91,53;86,2;94,18
100530;TSMv1 - Gelişim İndeksi;1;91,53;106,77;116,65
100500;TSMv1 - Gelişim İndeksi;1;91,53;85,73;93,66
101953;TSMv1 - Gelişim İndeksi;1;91,53;89,01;97,25
101927;TSMv1 - Gelişim İndeksi;1;91,53;80,96;88,45
101559;TSMv1 - Gelişim İndeksi;1;91,53;95,17;103,98
100535;TSMv1 - Gelişim İndeksi;1;91,53;93,83;102,51
100205;TSMv1 - Gelişim İndeksi;1;91,53;88,36;96,53
101257;TSMv1 - Gelişim İndeksi;1;91,53;99,87;109,11
101259;TSMv1 - Gelişim İndeksi;1;91,53;80,87;88,36
101492;TSMv1 - Gelişim İndeksi;1;91,53;89,39;97,66
100276;TSMv1 - Gelişim İndeksi;1;91,53;96,54;105,48
100523;TSMv1 - Gelişim İndeksi;1;91,53;93,69;102,36
100594;TSMv1 - Gelişim İndeksi;1;91,53;97,76;106,8
100443;TSMv1 - Gelişim İndeksi;1;91,53;91,1;99,53
100521;TSMv1 - Gelişim İndeksi;1;91,53;102,34;111,81
101023;TSMv1 - Gelişim İndeksi;1;91,53;64,43;70,39
100691;TSMv1 - Gelişim İndeksi;1;91,53;89,5;97,78
100763;TSMv1 - Gelişim İndeksi;1;91,53;89,53;97,81
100782;TSMv1 - Gelişim İndeksi;1;91,53;82,88;90,55
101999;TSMv1 - Gelişim İndeksi;1;91,53;97,14;106,13
100589;TSMv1 - Gelişim İndeksi;1;91,53;78,11;85,34
100312;TSMv1 - Gelişim İndeksi;1;91,53;95,9;104,77
101827;TSMv1 - Gelişim İndeksi;1;91,53;95,52;104,36
101277;TSMv1 - Gelişim İndeksi;1;91,53;88,18;96,34
100569;TSMv1 - Gelişim İndeksi;1;91,53;89,45;97,72
100867;TSMv1 - Gelişim İndeksi;1;91,53;81,96;89,54
101926;TSMv1 - Gelişim İndeksi;1;91,53;88,94;97,17
101261;TSMv1 - Gelişim İndeksi;1;91,53;94,24;102,96
101928;TSMv1 - Gelişim İndeksi;1;91,53;84,92;92,78
100915;TSMv1 - Gelişim İndeksi;1;91,53;99,9;109,14
101934;TSMv1 - Gelişim İndeksi;1;91,53;87,77;95,89
100164;TSMv1 - Gelişim İndeksi;1;91,53;87,04;95,1
100380;TSMv1 - Gelişim İndeksi;1;91,53;94,29;103,02
101812;TSMv1 - Gelişim İndeksi;1;91,53;167,83;183,36
100617;TSMv1 - Gelişim İndeksi;1;91,53;93,36;102
100664;TSMv1 - Gelişim İndeksi;1;91,53;94,71;103,47
100497;TSMv1 - Gelişim İndeksi;1;91,53;92,53;101,1
101813;TSMv1 - Gelişim İndeksi;1;91,53;119,46;130,52
101552;TSMv1 - Gelişim İndeksi;1;91,53;84,95;92,81
100688;TSMv1 - Gelişim İndeksi;1;91,53;98,57;107,7
100384;TSMv1 - Gelişim İndeksi;1;91,53;93,15;101,77
101678;TSMv1 - Gelişim İndeksi;1;113,75;138,53;121,78
100286;TSMv1 - Gelişim İndeksi;1;113,75;122,82;107,97
100601;TSMv1 - Gelişim İndeksi;1;113,75;128,13;112,64
100490;TSMv1 - Gelişim İndeksi;1;113,75;119,21;104,8
100445;TSMv1 - Gelişim İndeksi;1;113,75;112,81;99,17
100078;TSMv1 - Gelişim İndeksi;1;113,75;113,65;99,91
100850;TSMv1 - Gelişim İndeksi;1;113,75;119,63;105,16
100202;TSMv1 - Gelişim İndeksi;1;113,75;115,69;101,7
101913;TSMv1 - Gelişim İndeksi;1;113,75;111,45;97,98
100214;TSMv1 - Gelişim İndeksi;1;113,75;116,23;102,17
100177;TSMv1 - Gelişim İndeksi;1;113,75;113,01;99,35
101680;TSMv1 - Gelişim İndeksi;1;113,75;98,89;86,93
101844;TSMv1 - Gelişim İndeksi;1;113,75;166,53;146,4
100263;TSMv1 - Gelişim İndeksi;1;113,75;87,43;76,86
101679;TSMv1 - Gelişim İndeksi;1;113,75;133,92;117,73
101543;TSMv1 - Gelişim İndeksi;1;113,75;122,57;107,76
100385;TSMv1 - Gelişim İndeksi;1;113,75;123,37;108,45
101910;TSMv1 - Gelişim İndeksi;1;113,75;110,14;96,82
100600;TSMv1 - Gelişim İndeksi;1;113,75;107,27;94,31
100254;TSMv1 - Gelişim İndeksi;1;113,75;113,81;100,05
101695;TSMv1 - Gelişim İndeksi;1;113,75;163,44;143,68
101688;TSMv1 - Gelişim İndeksi;1;113,75;100,02;87,93
100118;TSMv1 - Gelişim İndeksi;1;113,75;97,6;85,8
101563;TSMv1 - Gelişim İndeksi;1;113,75;110,83;97,43
101936;TSMv1 - Gelişim İndeksi;1;113,75;99,59;87,55
100788;TSMv1 - Gelişim İndeksi;1;113,75;110,33;96,99
100532;TSMv1 - Gelişim İndeksi;1;113,75;124,47;109,42
101819;TSMv1 - Gelişim İndeksi;1;113,75;109,15;95,96
101459;TSMv1 - Gelişim İndeksi;1;113,75;121,63;106,92
100567;TSMv1 - Gelişim İndeksi;1;113,75;127,48;112,07
100325;TSMv1 - Gelişim İndeksi;1;113,75;108,84;95,68
101983;TSMv1 - Gelişim İndeksi;1;113,75;112,63;99,02
100571;TSMv1 - Gelişim İndeksi;1;113,75;104,73;92,07
100340;TSMv1 - Gelişim İndeksi;1;113,75;108,96;95,78
100330;TSMv1 - Gelişim İndeksi;1;113,75;121,06;106,43
101918;TSMv1 - Gelişim İndeksi;1;113,75;117,03;102,88
100794;TSMv1 - Gelişim İndeksi;1;113,75;111,05;97,62
100802;TSMv1 - Gelişim İndeksi;1;113,75;91,98;80,86
101976;TSMv1 - Gelişim İndeksi;1;113,75;106,57;93,68
100705;TSMv1 - Gelişim İndeksi;1;113,75;91,84;80,73
100233;TSMv1 - Gelişim İndeksi;1;113,75;115,81;101,81
101009;TSMv1 - Gelişim İndeksi;1;105,04;106,04;100,95
100504;TSMv1 - Gelişim İndeksi;1;105,04;101,57;96,7
100865;TSMv1 - Gelişim İndeksi;1;105,04;104,03;99,04
100717;TSMv1 - Gelişim İndeksi;1;105,04;109,6;104,34
100777;TSMv1 - Gelişim İndeksi;1;105,04;102,49;97,57
100464;TSMv1 - Gelişim İndeksi;1;105,04;94,74;90,2
100709;TSMv1 - Gelişim İndeksi;1;105,04;125,86;119,82
100491;TSMv1 - Gelişim İndeksi;1;105,04;107,34;102,19
101686;TSMv1 - Gelişim İndeksi;1;105,04;160,61;152,91
100251;TSMv1 - Gelişim İndeksi;1;105,04;100,48;95,66
101838;TSMv1 - Gelişim İndeksi;1;105,04;117,09;111,47
100580;TSMv1 - Gelişim İndeksi;1;105,04;116,09;110,52
100105;TSMv1 - Gelişim İndeksi;1;105,04;107,06;101,93
101507;TSMv1 - Gelişim İndeksi;1;105,04;111,32;105,97
102010;TSMv1 - Gelişim İndeksi;1;105,04;146,1;139,09
101548;TSMv1 - Gelişim İndeksi;1;105,04;135,61;129,11
100783;TSMv1 - Gelişim İndeksi;1;105,04;106,49;101,38
101453;TSMv1 - Gelişim İndeksi;1;105,04;97,01;92,35
101017;TSMv1 - Gelişim İndeksi;1;105,04;99,99;95,2
101790;TSMv1 - Gelişim İndeksi;1;105,04;104,53;99,51
100397;TSMv1 - Gelişim İndeksi;1;105,04;120,11;114,35
101544;TSMv1 - Gelişim İndeksi;1;105,04;103,75;98,77
100401;TSMv1 - Gelişim İndeksi;1;105,04;106;100,92
100140;TSMv1 - Gelişim İndeksi;1;105,04;97,59;92,9
101258;TSMv1 - Gelişim İndeksi;1;105,04;106,52;101,41
100677;TSMv1 - Gelişim İndeksi;1;105,04;98,35;93,63
101820;TSMv1 - Gelişim İndeksi;1;105,04;86,07;81,94
101474;TSMv1 - Gelişim İndeksi;1;105,04;107,14;102
101803;TSMv1 - Gelişim İndeksi;1;105,04;100,31;95,5
100856;TSMv1 - Gelişim İndeksi;1;105,04;93,25;88,78
100603;TSMv1 - Gelişim İndeksi;1;105,04;94,8;90,25
100848;TSMv1 - Gelişim İndeksi;1;105,04;112,29;106,9
100684;TSMv1 - Gelişim İndeksi;1;105,04;90,82;86,46
101304;TSMv1 - Gelişim İndeksi;1;105,04;95,71;91,12
100649;TSMv1 - Gelişim İndeksi;1;105,04;97,31;92,64
100447;TSMv1 - Gelişim İndeksi;1;105,04;123,9;117,95
100582;TSMv1 - Gelişim İndeksi;1;105,04;103,88;98,89
101684;TSMv1 - Gelişim İndeksi;1;105,04;104,9;99,87
101685;TSMv1 - Gelişim İndeksi;1;105,04;78,33;74,58
100511;TSMv1 - Gelişim İndeksi;1;105,04;98,68;93,94
100623;TSMv1 - Gelişim İndeksi;1;105,04;104,34;99,33
